SYMBOL,SERIES,Adjusted 52_Week_High,52_Week_High_Date,Adjusted 52_Week_Low,52_Week_Low_DT
20MICRONS,EQ,74.9,25-May-21,25.35,22-Sep-20
21STCENMGM,EQ,25.8,09-Jul-21,9.45,19-Oct-20
3IINFOTECH,BE,11.55,22-Jun-21,2.2,07-Aug-20
3MINDIA,EQ,31000,01-Apr-21,18024.25,23-Sep-20
3PLAND,BE,18.8,13-Jul-21,5.8,12-Oct-20
5PAISA,EQ,580,15-Jul-21,235.65,31-Mar-21
63MOONS,EQ,114.8,23-Jul-21,65,28-Sep-20
A2ZINFRA,EQ,6.55,07-Jul-21,3.45,20-Oct-20
AAKASH,EQ,282,28-Jul-21,48.35,30-Sep-20
AAREYDRUGS,EQ,-,-,-,-
AARON,EQ,136,29-Jul-21,28,12-Nov-20
AARTIDRUGS,EQ,1026.95,08-Oct-20,435,05-Aug-20
AARTIIND,EQ,987,03-Aug-21,483.23,16-Oct-20
AARTISURF,EQ,1799.8,05-Aug-21,257.65,05-Aug-20
AARVEEDEN,EQ,29.95,03-Aug-21,9.3,05-Nov-20
AARVI,EQ,78.4,14-Jul-21,27,10-Aug-20
AAVAS,EQ,3074.35,06-Jul-21,1283.05,09-Sep-20
ABAN,EQ,52.5,09-Jun-21,21.1,28-Oct-20
ABB,EQ,1857,30-Jun-21,846.6,25-Sep-20
ABBOTINDIA,EQ,19994.7,02-Aug-21,13959.8,02-Feb-21
ABCAPITAL,EQ,139.7,09-Mar-21,56.8,06-Aug-20
ABFRL,EQ,234.5,30-Jul-21,117,12-Aug-20
ABSLBANETF,EQ,420,24-Feb-21,193.9,28-Oct-20
ABSLNN50ET,EQ,459.4,06-Jul-21,265.7,04-Nov-20
ACC,EQ,2454.95,04-Aug-21,1289,07-Sep-20
ACCELYA,EQ,1539.4,14-Jul-21,800,05-Nov-20
ACCURACY,EQ,105.2,05-Aug-21,31.25,11-Dec-20
ACE,EQ,271.9,27-Jul-21,56,10-Aug-20
ACRYSIL,EQ,700,03-Aug-21,181.25,25-Jan-21
ADANIENT,EQ,1717.2,07-Jun-21,177.5,06-Aug-20
ADANIGREEN,BE,1390,25-May-21,340.1,06-Aug-20
ADANIPORTS,EQ,901,09-Jun-21,312.1,24-Sep-20
ADANIPOWER,BE,166.9,09-Jun-21,34.5,22-Oct-20
ADANITRANS,BE,1644.95,07-Jun-21,230,06-Aug-20
ADFFOODS,EQ,1094.7,19-May-21,334.2,01-Sep-20
ADL,BE,45.3,28-Jun-21,16.1,17-Nov-20
ADORWELD,EQ,880.2,16-Jul-21,231.95,06-Aug-20
ADROITINFO,BE,14.75,06-Jul-21,4.6,23-Sep-20
ADSL,EQ,74.95,27-May-21,17.75,06-Aug-20
ADVANIHOTR,EQ,84,05-Aug-21,37.95,19-Oct-20
ADVENZYMES,EQ,503.7,19-May-21,196,31-Aug-20
AEGISCHEM,EQ,387.9,11-Jun-21,183.85,17-Aug-20
AFFLE,BE,6285.65,05-Mar-21,1783.9,05-Aug-20
AGARIND,EQ,385.15,04-Aug-21,74.1,06-Nov-20
AGCNET,BE,1750,27-Apr-21,297.35,11-Aug-20
AGRITECH,EQ,54.75,04-Aug-21,25.35,12-Oct-20
AGROPHOS,EQ,21,17-Dec-20,7.45,06-Nov-20
AHLADA,EQ,248,04-Aug-21,61.15,10-Feb-21
AHLEAST,EQ,223,26-Jul-21,127.05,12-Nov-20
AHLUCONT,EQ,430,19-Jul-21,203.55,02-Nov-20
AHLWEST,EQ,339.4,08-Dec-20,191,19-Apr-21
AIAENG,EQ,2234,21-Jan-21,1584,11-Aug-20
AIRAN,BE,35.95,24-Jun-21,10.5,03-Nov-20
AJANTPHARM,EQ,2435,29-Jul-21,1424.5,01-Sep-20
AJMERA,BE,349,04-Aug-21,76.3,05-Aug-20
AJOONI,EQ,75.7,31-May-21,41.9,07-May-21
AKASH,EQ,281,10-Nov-20,157.9,23-Apr-21
AKG,EQ,112.7,16-Mar-21,24.15,04-Aug-21
AKSHARCHEM,EQ,497.7,13-Jul-21,197.15,13-Nov-20
AKSHOPTFBR,BE,13.85,15-Jul-21,4.7,10-Aug-20
AKZOINDIA,EQ,2530,22-Jan-21,1856,10-Aug-20
ALANKIT,EQ,27.2,30-Jun-21,12.65,19-Apr-21
ALBERTDAVD,EQ,622.9,20-Jul-21,374,25-Mar-21
ALEMBICLTD,EQ,143.3,04-May-21,81.3,25-Aug-20
ALICON,EQ,854.7,20-Jul-21,271.95,05-Aug-20
ALKALI,EQ,96.7,16-Jul-21,41.1,09-Sep-20
ALKEM,EQ,3558.9,16-Jul-21,2540.05,24-Mar-21
ALKYLAMINE,EQ,4749,27-Jul-21,954,07-Aug-20
ALLCARGO,EQ,217.7,03-Aug-21,95.05,07-Aug-20
ALLSEC,EQ,558.4,12-Jul-21,190.25,05-Aug-20
ALMONDZ,EQ,72.75,15-Jul-21,8.9,17-Aug-20
ALOKINDS,EQ,44.3,07-Aug-20,18.65,01-Oct-20
ALPA,EQ,73.4,23-Apr-21,24.65,18-Aug-20
ALPHAGEO,EQ,366,03-Aug-21,142.85,02-Nov-20
ALPSINDUS,BE,3.8,24-Jun-21,0.9,07-Dec-20
AMARAJABAT,EQ,1025.55,15-Jan-21,693.15,29-Jul-21
AMBER,EQ,3662,05-Mar-21,1642.2,12-Aug-20
AMBICAAGAR,EQ,39,14-May-21,11.95,22-Apr-21
AMBIKCO,EQ,1732.5,03-Aug-21,606.1,24-Sep-20
AMBUJACEM,EQ,427.4,04-Aug-21,197.45,24-Sep-20
AMDIND,EQ,33.65,07-Jul-21,13.65,05-Aug-20
AMJLAND,EQ,40.4,03-Aug-21,16.7,31-Aug-20
AMRUTANJAN,EQ,804.9,27-May-21,400.25,16-Oct-20
ANANTRAJ,BE,73.95,15-Jul-21,16.75,09-Nov-20
ANDHRACEMT,BE,37.2,04-Aug-21,4.2,19-Oct-20
ANDHRAPAP,EQ,283.7,06-Jul-21,177.55,25-Sep-20
ANDHRSUGAR,EQ,638,30-Jun-21,271,04-Nov-20
ANDREWYU,EQ,29.7,05-Aug-21,28,05-Aug-21
ANGELBRKG,EQ,1475,19-Jul-21,222.2,21-Oct-20
ANIKINDS,EQ,27.1,08-Jul-21,10.6,06-May-21
ANKITMETAL,BE,2.3,02-Aug-21,0.65,19-Aug-20
ANMOL,EQ,197,07-Jun-21,136,28-Jun-21
ANSALAPI,EQ,13.55,06-Jan-21,3.6,25-Sep-20
ANSALHSG,EQ,11.55,15-Jul-21,3.65,09-Nov-20
ANUP,EQ,1076,30-Jul-21,478.2,05-Aug-20
ANURAS,EQ,848.05,12-Jul-21,474,31-Mar-21
APARINDS,EQ,723,28-Jul-21,280.6,19-Oct-20
APCL,EQ,531.95,20-Jul-21,136.6,31-Aug-20
APCOTEXIND,EQ,385,20-May-21,111,06-Aug-20
APEX,EQ,434.85,06-Jul-21,199.95,30-Mar-21
APLAPOLLO,EQ,1849.85,28-Jul-21,399.07,05-Aug-20
APLLTD,EQ,1145,17-Dec-20,773.8,30-Jul-21
APOLLO,EQ,155.9,11-Jan-21,86.5,12-Apr-21
APOLLOHOSP,EQ,4225,03-Aug-21,1585.05,10-Sep-20
APOLLOPIPE,EQ,1410,02-Aug-21,324.5,05-Aug-20
APOLLOTYRE,EQ,261.25,04-Mar-21,109.55,09-Sep-20
APOLSINHOT,EQ,990,25-May-21,460,24-Sep-20
APTECHT,EQ,296.9,02-Aug-21,108,06-Aug-20
ARCHIDPLY,BE,46.4,04-Jan-21,22.65,30-Oct-20
ARCHIES,BE,29.25,20-Jul-21,9.35,23-Apr-21
ARENTERP,EQ,19.5,28-Jul-21,9.3,29-Oct-20
ARIES,EQ,193.9,15-Jul-21,58.2,05-Aug-20
ARIHANT,EQ,31.35,14-Jun-21,14.2,07-Aug-20
ARIHANTCAP,EQ,189.25,16-Jul-21,111.25,18-Jun-21
ARIHANTSUP,EQ,117.45,05-Aug-21,17.7,16-Oct-20
ARMANFIN,EQ,817,15-Dec-20,430,12-Aug-20
AROGRANITE,EQ,78.3,02-Aug-21,22.95,06-Aug-20
ARROWGREEN,EQ,183,18-Jun-21,39,05-Aug-20
ARSHIYA,EQ,42.75,08-Mar-21,9.4,06-Aug-20
ARSSINFRA,EQ,37.5,28-May-21,11.6,06-Aug-20
ARTEMISMED,EQ,407.95,04-Aug-21,135,18-Sep-20
ARVEE,BE,215.95,14-May-21,43.55,22-Mar-21
ARVIND,EQ,115.55,29-Jul-21,28.65,24-Sep-20
ARVINDFASN,EQ,229.8,05-Aug-21,120.5,24-Sep-20
ARVSMART,EQ,141.5,23-Jul-21,78.4,07-Aug-20
ASAHIINDIA,EQ,408.3,30-Jul-21,169.25,05-Aug-20
ASAHISONG,EQ,447,04-Aug-21,169.75,01-Sep-20
ASAL,BE,82.3,02-Jul-21,17.25,05-Aug-20
ASALCBR,EQ,516,05-Jul-21,230.6,05-Aug-20
ASHAPURMIN,BE,176.8,11-May-21,40.05,05-Aug-20
ASHIANA,EQ,187,02-Aug-21,58.15,05-Aug-20
ASHIMASYN,EQ,21.4,16-Jun-21,5.2,12-Aug-20
ASHOKA,EQ,118.6,17-Feb-21,53.85,05-Aug-20
ASHOKLEY,EQ,143.3,03-Aug-21,48.85,07-Aug-20
ASIANHOTNR,EQ,104.8,07-Jun-21,47.6,15-Oct-20
ASIANPAINT,EQ,3179.5,20-Jul-21,1712.5,05-Aug-20
ASIANTILES,EQ,314.9,21-Sep-20,138.15,30-Mar-21
ASPINWALL,EQ,268.3,26-Jul-21,93.75,12-Oct-20
ASTEC,EQ,1530,24-May-21,901,14-Aug-20
ASTERDM,EQ,180,20-Nov-20,118.35,10-Sep-20
ASTRAL,EQ,2630,12-Mar-21,936,05-Aug-20
ASTRAMICRO,EQ,187.5,15-Jul-21,103.5,03-Nov-20
ASTRAZEN,EQ,4970,08-Sep-20,3005,31-Mar-21
ASTRON,EQ,74.5,14-Jul-21,36.55,31-Aug-20
ATFL,EQ,1144,20-Jul-21,593.2,05-Aug-20
ATGL,BE,1679,03-Jun-21,152.55,06-Aug-20
ATLANTA,BE,19.2,15-Jul-21,6,14-Oct-20
ATUL,EQ,9660,02-Jul-21,5080,06-Aug-20
ATULAUTO,EQ,237,13-Jul-21,151.7,04-Nov-20
AUBANK,EQ,1354.4,30-Mar-21,616.7,24-Sep-20
AURIONPRO,BE,238,26-Jul-21,48.15,06-Aug-20
AUROPHARMA,EQ,1063.9,11-May-21,738.05,24-Sep-20
AUSOMENT,BE,118,16-Jul-21,27.3,06-Aug-20
AUTOAXLES,EQ,1563.95,27-Jul-21,526.5,05-Aug-20
AUTOIND,EQ,79.4,04-Aug-21,26,24-Sep-20
AVADHSUGAR,EQ,548,29-Jun-21,156.05,05-Apr-21
AVANTIFEED,EQ,674.85,06-Jul-21,410,31-Mar-21
AVTNPL,EQ,84.75,13-Jul-21,39.4,02-Sep-20
AWHCL,EQ,489.9,01-Jan-21,241,31-Mar-21
AXISBANK,EQ,799,16-Feb-21,400.15,25-Sep-20
AXISBNKETF,EQ,393.2,05-Aug-21,241.11,19-Nov-20
AXISBPSETF,EQ,10.48,02-Aug-21,10.07,18-May-21
AXISCADES,EQ,106.1,13-Jul-21,39.5,31-Mar-21
AXISGOLD,EQ,50.8,13-Nov-20,36.1,22-Jul-21
AXISHCETF,EQ,100,21-May-21,82.53,31-May-21
AXISNIFTY,EQ,194.8,09-Jun-21,111.47,24-Sep-20
AXISTECETF,EQ,332.5,14-Jun-21,250.95,03-May-21
AYMSYNTEX,EQ,86.75,30-Jul-21,22.3,07-Aug-20
BAFNAPH,EQ,233.55,18-Dec-20,21.3,10-Aug-20
BAGFILMS,EQ,4.3,09-Jul-21,1.9,13-Apr-21
BAJAJ-AUTO,EQ,4361.4,04-Feb-21,2822.45,02-Nov-20
BAJAJCON,EQ,324,19-Apr-21,163,10-Sep-20
BAJAJELEC,EQ,1224,29-Apr-21,418.3,11-Aug-20
BAJAJFINSV,EQ,14925,29-Jul-21,5400,24-Sep-20
BAJAJHIND,BE,24.65,06-Jul-21,4.35,06-Nov-20
BAJAJHLDNG,EQ,4080,02-Aug-21,2212.65,27-Oct-20
BAJFINANCE,EQ,6477.45,04-Aug-21,3006.9,24-Sep-20
BALAJITELE,EQ,101.8,07-Aug-20,50.25,20-Apr-21
BALAMINES,EQ,3619,03-Aug-21,601,05-Aug-20
BALAXI,EQ,1080.2,14-Oct-20,262,05-Aug-20
BALKRISIND,EQ,2559.2,04-Aug-21,1237.5,09-Sep-20
BALLARPUR,BZ,2.9,07-Aug-20,0.9,15-Oct-20
BALMLAWRIE,EQ,169.75,09-Mar-21,97.1,24-Sep-20
BALPHARMA,EQ,137.7,28-Apr-21,41.2,01-Sep-20
BALRAMCHIN,EQ,386.8,29-Jul-21,125.05,05-Aug-20
BANARBEADS,EQ,100.2,28-Jul-21,41.55,06-Aug-20
BANARISUG,EQ,2175,11-May-21,1259,21-Sep-20
BANCOINDIA,EQ,199.9,25-Jun-21,78.7,05-Aug-20
BANDHANBNK,EQ,430.7,11-Dec-20,251.4,25-Sep-20
BANG,BE,53.8,14-Jul-21,15.2,10-Aug-20
BANKA,EQ,86.45,18-May-21,34.75,29-Oct-20
BANKBARODA,EQ,99.85,19-Feb-21,39.5,25-Sep-20
BANKBEES,EQ,392.5,19-Jul-21,205.86,25-Sep-20
BANKINDIA,EQ,101.4,19-Feb-21,38.2,30-Oct-20
BANSWRAS,EQ,256.6,04-Aug-21,60.3,12-Aug-20
BARBEQUE,EQ,1064.85,05-Aug-21,481.85,07-Apr-21
BARTRONICS,BZ,5.05,12-Jan-21,1.35,14-Nov-20
BASF,EQ,2959.95,02-Aug-21,1266.25,12-Aug-20
BASML,EQ,114.05,30-Jul-21,38.5,05-Aug-20
BATAINDIA,EQ,1737,03-Aug-21,1213.8,13-Aug-20
BAYERCROP,EQ,6601.25,21-Sep-20,4921.7,25-Mar-21
BBL,EQ,1514,13-Jul-21,650,19-Oct-20
BBTC,EQ,1565,10-Aug-20,1101,26-Mar-21
BCG,BE,55.7,28-Jul-21,4.7,26-Nov-20
BCLIND,EQ,289.7,02-Jul-21,98,05-Apr-21
BCP,EQ,8.7,11-Dec-20,2.85,30-Mar-21
BDL,EQ,481.7,14-Aug-20,280.4,22-Sep-20
BEARDSELL,EQ,18.6,03-Aug-21,7.2,11-Aug-20
BECTORFOOD,EQ,624,28-Dec-20,328.4,30-Mar-21
BEDMUTHA,BE,43.4,30-Jul-21,13.55,17-Aug-20
BEL,EQ,191.7,29-Jul-21,86.35,29-Oct-20
BEML,EQ,1542.2,09-Mar-21,584.4,23-Sep-20
BEPL,EQ,209.5,04-Aug-21,41.8,05-Aug-20
BERGEPAINT,EQ,872.95,22-Jul-21,523.2,05-Aug-20
BESTAGRO,EQ,615,04-Aug-21,202.35,19-May-21
BFINVEST,EQ,445,19-Jul-21,252.95,04-Nov-20
BFUTILITIE,EQ,539,19-Jul-21,215.15,24-Sep-20
BGRENERGY,EQ,76.8,22-Jun-21,30.8,02-Nov-20
BHAGERIA,EQ,296.85,15-Jul-21,118.65,05-Aug-20
BHAGYANGR,EQ,60,25-May-21,15.75,05-Aug-20
BHAGYAPROP,EQ,34.4,09-Apr-21,20.5,01-Dec-20
BHANDARI,EQ,4.65,20-Jan-21,1,08-Oct-20
BHARATFORG,EQ,832,13-Jul-21,393.4,05-Aug-20
BHARATGEAR,EQ,138,05-Aug-21,39.25,06-Aug-20
BHARATRAS,EQ,15131.7,30-Jun-21,8480,16-Oct-20
BHARATWIRE,BE,85,02-Aug-21,19.7,05-Aug-20
BHARTIARTL,EQ,623,04-Feb-21,394,19-Oct-20
BHEL,EQ,79.55,09-Jun-21,26.75,16-Oct-20
BIGBLOC,EQ,177.35,18-Dec-20,38,19-Aug-20
BIL,EQ,264.9,16-Jun-21,112.65,05-Aug-20
BINDALAGRO,EQ,35.6,14-Jul-21,9.8,07-Aug-20
BIOCON,EQ,487.75,23-Dec-20,363.25,01-Feb-21
BIOFILCHEM,EQ,356.1,14-Dec-20,21.25,07-Aug-20
BIRLACABLE,BE,123,22-Jun-21,46.05,06-Aug-20
BIRLACORPN,EQ,1585,23-Jul-21,575.2,09-Sep-20
BIRLAMONEY,EQ,88.8,15-Jul-21,34.35,06-Aug-20
BIRLATYRE,EQ,43.05,15-Dec-20,18.5,20-Oct-20
BKMINDST,BE,1.6,05-Aug-21,0.55,17-Nov-20
BLBLIMITED,EQ,15.2,04-Aug-21,3.9,05-Aug-20
BLISSGVS,EQ,221,30-Dec-20,91.65,19-Apr-21
BLKASHYAP,EQ,29.95,05-Aug-21,4.9,29-Oct-20
BLS,EQ,168.85,03-Aug-21,71.5,23-Nov-20
BLUEDART,EQ,6177.5,27-May-21,1873.05,17-Aug-20
BLUESTARCO,EQ,976.6,26-Mar-21,479.75,05-Aug-20
BODALCHEM,EQ,128.3,27-Jul-21,59.2,03-Nov-20
BOMDYEING,EQ,112.8,29-Jul-21,60.3,24-Sep-20
BOROLTD,EQ,254,31-Dec-20,130,14-Oct-20
BORORENEW,BE,333,29-Jul-21,67.5,24-Sep-20
BOSCHLTD,EQ,16830.05,04-Feb-21,11265.05,18-Nov-20
BPCL,EQ,493.9,09-Jun-21,325,15-Oct-20
BPL,EQ,44,13-Jul-21,15.85,25-Sep-20
BRFL,BE,15.4,01-Sep-20,6.25,20-Apr-21
BRIGADE,EQ,358,15-Jul-21,135.95,06-Aug-20
BRITANNIA,EQ,4005,10-Aug-20,3317.3,22-Feb-21
BRNL,EQ,41.55,15-Jul-21,25.75,19-Apr-21
BROOKS,EQ,113.9,27-May-21,31.5,10-Aug-20
BSE,EQ,1410,20-Jul-21,466,04-Nov-20
BSHSL,BE,355.7,26-Jul-21,75.2,07-Dec-20
BSL,EQ,75.35,02-Aug-21,22.2,07-Sep-20
BSLGOLDETF,EQ,5445,07-Aug-20,4033.1,31-Mar-21
BSLNIFTY,EQ,195.2,12-Apr-21,118.5,25-Sep-20
BSOFT,EQ,434.85,16-Jul-21,122.25,05-Aug-20
BURGERKING,EQ,213.8,17-Dec-20,108.4,14-Dec-20
BURNPUR,BE,3.8,26-May-21,1.15,07-Aug-20
BUTTERFLY,BE,925,24-May-21,120.5,06-Aug-20
BVCL,BE,27.3,05-Aug-21,12.35,15-Oct-20
BYKE,EQ,35.45,31-May-21,11.75,09-Sep-20
CADILAHC,EQ,673.7,12-May-21,358,11-Sep-20
CALSOFT,BE,21.25,16-Jun-21,6.65,09-Oct-20
CAMLINFINE,EQ,230.8,19-Jul-21,77.5,05-Aug-20
CAMS,EQ,3740.65,15-Jul-21,1260,04-Nov-20
CANBK,EQ,174.6,18-Feb-21,82.25,25-Sep-20
CANDC,BZ,7.75,04-Jan-21,1.95,19-Oct-20
CANFINHOME,EQ,619.9,01-Apr-21,361.35,31-Aug-20
CANTABIL,EQ,460.6,24-Jun-21,283.5,01-Sep-20
CAPACITE,EQ,252,02-Aug-21,94.5,10-Aug-20
CAPLIPOINT,EQ,1034.8,27-Jul-21,401,31-Mar-21
CAPTRUST,EQ,149,12-Mar-21,50,10-Nov-20
CARBORUNIV,EQ,749.9,02-Aug-21,232,22-Oct-20
CAREERP,EQ,191,15-Jan-21,117.5,22-Apr-21
CARERATING,EQ,791,02-Jul-21,296.15,30-Oct-20
CASTROLIND,EQ,154.9,07-Jun-21,104,15-Oct-20
CCHHL,BE,9.45,28-Jul-21,2.7,25-Sep-20
CCL,EQ,494.8,27-Jul-21,226.35,05-Apr-21
CDSL,BE,1579,19-Jul-21,347.25,07-Aug-20
CEATLTD,EQ,1763,04-Feb-21,861,17-Aug-20
CEBBCO,BE,43.25,13-Jul-21,11.7,05-Aug-20
CELEBRITY,EQ,15,03-Aug-21,3.6,07-Aug-20
CENTENKA,EQ,517.9,03-Aug-21,153.75,05-Aug-20
CENTEXT,EQ,11.8,17-Jun-21,3.1,22-Sep-20
CENTRALBK,EQ,29.65,30-Jun-21,10.1,16-Oct-20
CENTRUM,EQ,58.5,21-Jun-21,12.75,05-Aug-20
CENTUM,EQ,562.5,28-Jul-21,260,29-Oct-20
CENTURYPLY,EQ,459,28-Jul-21,130.25,14-Aug-20
CENTURYTEX,EQ,834.7,02-Aug-21,298.75,05-Aug-20
CERA,EQ,4895,10-Jun-21,2121,06-Aug-20
CEREBRAINT,EQ,67.5,11-Jun-21,26.8,18-Aug-20
CESC,EQ,870.9,14-Jul-21,555.1,02-Nov-20
CGCL,EQ,578.4,23-Jun-21,197.65,17-Aug-20
CGPOWER,BE,91.95,10-May-21,9.7,05-Aug-20
CHALET,EQ,217.7,07-Dec-20,122.65,19-Apr-21
CHAMBLFERT,EQ,326.35,04-Aug-21,133.25,09-Sep-20
CHEMBOND,EQ,264.75,04-Aug-21,139,15-Oct-20
CHEMCON,EQ,731.25,01-Oct-20,398,29-Oct-20
CHEMFAB,EQ,194.4,14-Jul-21,115,01-Mar-21
CHENNPETRO,EQ,151.8,30-Jun-21,63.8,19-Oct-20
CHOLAFIN,EQ,600.95,30-Apr-21,202.05,06-Aug-20
CHOLAHLDNG,EQ,711,09-Jun-21,325,05-Aug-20
CIGNITITEC,EQ,678,02-Jul-21,259.85,06-Aug-20
CINELINE,EQ,94.95,05-Aug-21,23.3,05-Aug-20
CINEVISTA,BE,18.8,15-Jul-21,5.05,07-Aug-20
CIPLA,EQ,997,30-Jun-21,704.4,08-Sep-20
CLEAN,EQ,1779,22-Jul-21,1555.05,19-Jul-21
CLEDUCATE,EQ,167.3,02-Aug-21,36.25,05-Aug-20
CLNINDIA,EQ,631.85,30-Jul-21,288,02-Nov-20
CLSEL,EQ,155,13-Jul-21,120,01-Jun-21
CMICABLES,EQ,68.4,26-Feb-21,29.2,14-Nov-20
COALINDIA,EQ,165,11-Jun-21,109.55,15-Oct-20
COCHINSHIP,EQ,433.9,16-Jun-21,303.6,24-Sep-20
COFFEEDAY,EQ,49.65,06-Jul-21,20.2,24-May-21
COFORGE,EQ,5230,30-Jul-21,1880.5,01-Sep-20
COLPAL,EQ,1823.4,26-Jul-21,1322.15,22-Sep-20
COMPINFO,EQ,35,12-Jul-21,11.25,18-Aug-20
COMPUSOFT,EQ,16.7,20-Jul-21,6.85,05-Nov-20
CONCOR,EQ,748,07-Jun-21,351,05-Oct-20
CONFIPET,EQ,68.45,12-Jul-21,17.1,06-Aug-20
CONSOFINVT,EQ,136.95,15-Jul-21,26.55,17-Aug-20
CONTROLPR,EQ,412,13-Jul-21,200.3,15-Oct-20
CORALFINAC,EQ,58.75,15-Jul-21,17.3,30-Oct-20
CORDSCABLE,EQ,83.55,25-Jun-21,32.8,05-Aug-20
COROMANDEL,EQ,956,25-Jun-21,682,19-Oct-20
COSMOFILMS,EQ,1483.5,05-Aug-21,375,01-Sep-20
COUNCODOS,EQ,4.8,12-Jan-21,1.1,12-Oct-20
COX&KINGS,BZ,2.7,24-Jun-21,1.05,12-May-21
CPSEETF,EQ,28.5,19-Jul-21,15.65,16-Oct-20
CRAFTSMAN,EQ,2176,13-Jul-21,1245,22-Apr-21
CREATIVE,BE,256.4,05-Aug-21,83.9,20-May-21
CREDITACC,EQ,839.95,01-Dec-20,542.1,19-Apr-21
CREST,BE,146.8,08-Jul-21,61.7,05-Aug-20
CRISIL,EQ,3330,20-Jul-21,1690,13-Oct-20
CROMPTON,EQ,498.85,03-Aug-21,245.35,05-Aug-20
CSBBANK,EQ,374,05-Jul-21,189.95,06-Aug-20
CTE,EQ,96.95,03-Aug-21,18,05-Aug-20
CUB,EQ,200,18-Nov-20,115.6,05-Aug-20
CUBEXTUB,EQ,35.25,06-Jul-21,10.15,10-Nov-20
CUMMINSIND,EQ,934.25,01-Apr-21,401.4,05-Aug-20
CUPID,EQ,296.75,26-Aug-20,190.25,10-Nov-20
CYBERMEDIA,BE,19.4,08-Mar-21,2.3,16-Dec-20
CYBERTECH,EQ,208.4,22-Jul-21,48.05,05-Aug-20
CYIENT,EQ,1092,16-Jul-21,325.2,05-Aug-20
DAAWAT,EQ,90.5,24-May-21,47.3,25-Sep-20
DABUR,EQ,619.8,03-Aug-21,470.9,31-Aug-20
DALBHARAT,EQ,2375,26-Jul-21,652.3,01-Sep-20
DALMIASUG,EQ,516.55,02-Aug-21,121,24-Sep-20
DAMODARIND,BE,57.55,02-Jul-21,21,22-Oct-20
DANGEE,EQ,192.5,13-Jul-21,105.95,28-Jan-21
DATAMATICS,EQ,330,22-Jul-21,54,05-Aug-20
DBCORP,EQ,125,09-Jun-21,72.5,05-Aug-20
DBL,EQ,719.9,04-Mar-21,296.2,05-Aug-20
DBREALTY,EQ,31.55,19-Jul-21,6.1,16-Oct-20
DBSTOCKBRO,EQ,20.05,03-Jun-21,7.5,27-Apr-21
DCAL,EQ,235.3,20-Jul-21,102.5,25-Mar-21
DCBBANK,EQ,126.5,06-Jan-21,74.3,14-Oct-20
DCM,EQ,63.8,04-Aug-21,16.65,22-Oct-20
DCMNVL,EQ,231.1,03-Aug-21,22.55,19-Oct-20
DCMSHRIRAM,EQ,1200,19-Jul-21,315.1,11-Nov-20
DCW,EQ,44.9,09-Jul-21,11,05-Aug-20
DECCANCE,EQ,846.75,04-Aug-21,241,10-Aug-20
DEEPAKFERT,BE,492.65,04-Aug-21,135.2,15-Oct-20
DEEPAKNTR,EQ,2156,03-Aug-21,567,12-Aug-20
DEEPENR,BE,89.9,21-Aug-20,30.5,22-Apr-21
DEEPINDS,EQ,119.85,03-Aug-21,33.8,27-Apr-21
DELTACORP,EQ,202,06-Jul-21,87.6,05-Aug-20
DELTAMAGNT,EQ,60.9,12-Jul-21,17,25-Sep-20
DEN,EQ,94.4,12-Oct-20,41.55,22-Apr-21
DENORA,EQ,437.95,02-Aug-21,191.1,02-Nov-20
DFMFOODS,EQ,453.8,11-Jun-21,180.25,05-Aug-20
DGCONTENT,BE,21.6,08-Jul-21,5.75,06-Aug-20
DHAMPURSUG,EQ,395,05-Jul-21,126.5,05-Aug-20
DHANBANK,EQ,20.2,08-Jul-21,11.6,18-Nov-20
DHANI,EQ,395.95,11-Jan-21,115.2,05-Aug-20
DHANUKA,EQ,1053.9,06-Jul-21,658,31-Mar-21
DHARSUGAR,BE,35.75,06-Jul-21,4,14-Oct-20
DHUNINV,EQ,705,19-Jul-21,189.7,22-Sep-20
DIAMONDYD,EQ,826.95,12-Jul-21,522.05,03-May-21
DIAPOWER,BZ,1.5,18-Jun-21,0.45,15-Oct-20
DICIND,EQ,549.9,04-Aug-21,336.05,07-Aug-20
DIGISPICE,BE,114.7,03-Mar-21,5.8,10-Aug-20
DISHTV,EQ,17.7,26-May-21,7.8,14-Aug-20
DIVISLAB,EQ,5045.2,04-Aug-21,2641,05-Aug-20
DIXON,EQ,21499,15-Mar-21,3345.15,25-Mar-21
DLF,EQ,359.25,04-Aug-21,140.35,14-Aug-20
DLINKINDIA,EQ,168.65,13-Jul-21,87.8,05-Aug-20
DMART,EQ,3624.45,05-Aug-21,1954.85,19-Oct-20
DNAMEDIA,EQ,4.45,25-Jun-21,0.3,10-Aug-20
DODLA,EQ,652,28-Jun-21,550,28-Jun-21
DOLAT,EQ,127.9,26-Jul-21,41.8,06-Nov-20
DOLLAR,EQ,390,03-Aug-21,127.7,06-Aug-20
DONEAR,EQ,67.85,29-Jul-21,23.2,03-Nov-20
DPABHUSHAN,EQ,230,05-Aug-21,70.05,22-Dec-20
DPSCLTD,EQ,20.5,10-Jun-21,9.45,22-Dec-20
DPWIRES,EQ,312.2,05-Aug-21,51.25,06-Aug-20
DRCSYSTEMS,EQ,373.35,08-Apr-21,128.8,10-Mar-21
DREDGECORP,EQ,476,22-Jun-21,232.5,02-Nov-20
DRREDDY,EQ,5614.6,07-Jul-21,4135,19-Mar-21
DSSL,EQ,177.25,10-Jun-21,21.1,12-Aug-20
DTIL,EQ,399.97,18-Jun-21,128,05-Aug-20
DUCON,BE,18.45,16-Jul-21,3.5,27-Oct-20
DVL,EQ,350,03-Aug-21,50.75,10-Aug-20
DWARKESH,EQ,83.9,12-Jul-21,24.05,06-Aug-20
DYNAMATECH,EQ,1744,07-Jul-21,525.55,07-Aug-20
DYNPRO,EQ,617.4,03-Aug-21,178.3,31-Aug-20
EASEMYTRIP,EQ,487.8,04-Aug-21,161,22-Apr-21
EASTSILK,EQ,5.15,29-Jun-21,0.9,16-Oct-20
EASUNREYRL,BZ,3.75,20-Aug-20,1.85,11-Feb-21
EBANK,EQ,4123.24,17-Feb-21,2159,25-Sep-20
EBBETF0423,EQ,1199,30-Oct-20,875.9,23-Sep-20
EBBETF0425,EQ,1115.9,30-Mar-21,925,09-Nov-20
EBBETF0430,EQ,1200,15-Jul-21,895,15-Feb-21
EBBETF0431,EQ,1106,18-Feb-21,972,01-Sep-20
EBIXFOREX,EQ,739,18-May-21,296.05,14-Oct-20
ECLERX,BE,2380,04-Aug-21,460.55,06-Aug-20
EDELWEISS,EQ,100.9,14-Jul-21,49.95,04-Nov-20
EDUCOMP,BZ,4.5,11-Jan-21,2.3,23-Apr-21
EICHERMOT,EQ,3037,22-Jan-21,2006.67,14-Aug-20
EIDPARRY,EQ,470.3,28-Jun-21,260.05,15-Oct-20
EIHAHOTELS,EQ,397.7,07-Jun-21,205.35,19-Apr-21
EIHOTEL,EQ,122.8,07-Jul-21,63.37,05-Aug-20
EIMCOELECO,EQ,541.8,05-Jul-21,287,04-Nov-20
EKC,BE,162.3,28-Apr-21,21,07-Aug-20
ELECON,EQ,154.7,03-Aug-21,21.45,04-Nov-20
ELECTCAST,EQ,41.7,03-Aug-21,14.6,01-Sep-20
ELECTHERM,EQ,198.8,23-Jun-21,88,02-Nov-20
ELGIEQUIP,EQ,243,20-Apr-21,82.75,07-Aug-20
ELGIRUBCO,EQ,46.5,02-Aug-21,15.3,16-Oct-20
EMAMILTD,EQ,582.6,03-Aug-21,236,06-Aug-20
EMAMIPAP,EQ,214.8,08-Jul-21,62.35,29-Oct-20
EMAMIREAL,EQ,88.4,22-Jul-21,30.3,07-Aug-20
EMCO,BZ,3.45,23-Jun-21,1,25-Nov-20
EMKAY,EQ,137,19-Jul-21,43,05-Aug-20
EMMBI,EQ,125.9,26-Jul-21,69.05,22-Dec-20
ENDURANCE,EQ,1829.95,02-Aug-21,905,05-Aug-20
ENERGYDEV,EQ,16.55,18-Jan-21,4.6,14-Oct-20
ENGINERSIN,EQ,93.3,03-Mar-21,60.4,16-Oct-20
ENIL,EQ,226.95,02-Aug-21,121.3,11-Aug-20
EPL,EQ,318.6,21-Aug-20,202,19-Apr-21
EQ30,EQ,448.13,28-May-21,302.93,07-Aug-20
EQUITAS,EQ,138.2,12-Jul-21,40.2,04-Nov-20
EQUITASBNK,EQ,76.8,12-Jul-21,30.05,02-Nov-20
ERIS,EQ,819.7,30-Jul-21,470,10-Sep-20
EROSMEDIA,EQ,36.85,27-May-21,17.75,09-Nov-20
ESABINDIA,EQ,2150,22-Feb-21,1290,16-Oct-20
ESCORTS,EQ,1468.45,09-Feb-21,1077.4,14-Aug-20
ESSARSHPNG,EQ,13.35,11-Jun-21,6.75,06-Aug-20
ESTER,EQ,164.75,05-Aug-21,60,12-Aug-20
EVEREADY,EQ,402.3,03-Aug-21,129,01-Sep-20
EVERESTIND,EQ,534.3,03-Aug-21,193.15,24-Sep-20
EXCEL,BE,4.4,13-Jul-21,0.85,14-Aug-20
EXCELINDUS,EQ,1287.4,13-Jul-21,742.4,14-Aug-20
EXIDEIND,EQ,219.3,09-Feb-21,153,06-Aug-20
EXPLEOSOL,BE,1384,15-Jul-21,285,05-Aug-20
FACT,EQ,153,23-Jun-21,41.2,24-Sep-20
FAIRCHEMOR,EQ,2131.9,05-Aug-21,580.3,03-Feb-21
FCL,EQ,120,05-Aug-21,29.3,21-Oct-20
FCONSUMER,EQ,12.6,01-Sep-20,5.85,19-Apr-21
FCSSOFT,BE,2.5,23-Jul-21,0.35,27-Nov-20
FDC,EQ,404.9,15-Jun-21,255.2,19-Mar-21
FEDERALBNK,EQ,92.5,04-Mar-21,45.35,25-Sep-20
FEL,EQ,22.15,01-Sep-20,7.9,31-Mar-21
FELDVR,EQ,23.6,01-Sep-20,9.5,20-Oct-20
FIEMIND,EQ,856.05,02-Aug-21,436.7,07-Aug-20
FILATEX,EQ,118,15-Jun-21,21.95,01-Oct-20
FINCABLES,EQ,557.7,13-Jul-21,255.5,24-Sep-20
FINEORG,EQ,3568.8,21-May-21,2127.15,19-Mar-21
FINPIPE,EQ,197.85,28-Jun-21,87.6,06-Aug-20
FLEXITUFF,EQ,28.9,14-May-21,6.7,05-Aug-20
FLFL,EQ,160.4,01-Sep-20,46.5,01-Apr-21
FLUOROCHEM,EQ,1822,03-Aug-21,426,05-Aug-20
FMGOETZE,EQ,465,06-Oct-20,246.1,03-Nov-20
FMNL,EQ,29.3,01-Sep-20,11.55,01-Apr-21
FORCEMOT,EQ,1707,13-Jul-21,905,12-Aug-20
FORTIS,EQ,259.8,28-Jul-21,123.2,30-Oct-20
FOSECOIND,EQ,1788.9,28-Jun-21,1031,10-Aug-20
FRETAIL,EQ,167.9,01-Sep-20,40.55,01-Apr-21
FSC,EQ,174.9,02-Sep-20,60.05,01-Apr-21
FSL,EQ,242.85,19-Jul-21,50.7,14-Aug-20
GABRIEL,EQ,146,28-Jul-21,84.05,06-Aug-20
GAEL,EQ,201.6,02-Aug-21,87.5,06-Aug-20
GAIL,EQ,170.3,09-Jun-21,81.2,14-Oct-20
GAL,EQ,3.8,21-Sep-20,1.9,08-Apr-21
GALAXYSURF,EQ,3294.7,18-May-21,1600,02-Nov-20
GALLANTT,EQ,88,29-Jul-21,28.35,05-Aug-20
GALLISPAT,EQ,70,02-Aug-21,26.15,13-Nov-20
GAMMNINFRA,BE,2.9,12-Jul-21,0.55,07-Dec-20
GANDHITUBE,EQ,558.85,04-Aug-21,191.5,05-Aug-20
GANECOS,EQ,688.5,03-Mar-21,214,10-Aug-20
GANESHHOUC,EQ,130.95,16-Jul-21,22.65,11-Aug-20
GANGAFORGE,EQ,120,04-Aug-21,97,12-Jul-21
GANGESSECU,EQ,101.95,23-Jul-21,30.25,06-Aug-20
GARFIBRES,EQ,3644.7,09-Jul-21,1633,07-Aug-20
GATI,EQ,179.95,25-Jun-21,41.75,09-Sep-20
GAYAPROJ,EQ,49.2,03-Aug-21,14.3,05-Aug-20
GDL,BE,325,10-Jun-21,81.4,12-Aug-20
GEECEE,EQ,191.45,20-Jul-21,60.35,16-Oct-20
GEEKAYWIRE,EQ,112.9,27-Jul-21,58.05,09-Nov-20
GENCON,EQ,68,04-Mar-21,41.1,30-Apr-21
GENESYS,EQ,188.7,16-Jul-21,31.4,05-Aug-20
GENUSPAPER,BE,14.7,08-Jul-21,4.4,19-Oct-20
GENUSPOWER,EQ,82,29-Jul-21,22.75,05-Aug-20
GEOJITFSL,EQ,102.7,16-Jul-21,34.95,13-Oct-20
GEPIL,EQ,530.35,21-Aug-20,177.1,04-Nov-20
GESHIP,EQ,445,03-Jun-21,210.75,13-Oct-20
GET&D,EQ,153.8,17-Jun-21,80,04-Nov-20
GFLLIMITED,EQ,118,24-Mar-21,63.75,20-Jul-21
GFSTEELS,BE,4.25,29-Jul-21,1.8,15-Apr-21
GHCL,EQ,401.6,04-Aug-21,140,06-Aug-20
GICHSGFIN,EQ,202.55,05-Aug-21,88.8,25-Sep-20
GICRE,EQ,244.2,17-Mar-21,115,29-Oct-20
GILLANDERS,BE,64.3,16-Jul-21,25.6,25-Sep-20
GILLETTE,EQ,6249,19-Jul-21,4941,10-Aug-20
GINNIFILA,EQ,42.3,23-Jul-21,9.55,05-Aug-20
GIPCL,EQ,105.7,26-Jul-21,65,03-Nov-20
GKWLIMITED,EQ,854.9,15-Jul-21,413,26-Oct-20
GLAND,EQ,4172,23-Jul-21,1700,20-Nov-20
GLAXO,EQ,1807.5,15-Sep-20,1376,25-Mar-21
GLENMARK,EQ,690.95,19-Jul-21,441.7,22-Sep-20
GLOBAL,EQ,77.5,18-Dec-20,35.5,01-Apr-21
GLOBALVECT,EQ,71.8,28-Jul-21,36.85,19-Apr-21
GLOBE,BE,14.86,30-Jul-21,2.84,14-May-21
GLOBUSSPR,BE,774.95,05-Jul-21,124.05,05-Aug-20
GLS,EQ,-,-,-,-
GMBREW,EQ,653.7,08-Jun-21,365.6,19-Mar-21
GMDCLTD,EQ,83.35,12-May-21,40.85,24-Sep-20
GMMPFAUDLR,EQ,6900,12-Aug-20,3335.2,12-Nov-20
GMRINFRA,EQ,33.9,23-Jun-21,20.6,07-Aug-20
GNA,EQ,759.4,05-Aug-21,193.6,05-Aug-20
GNFC,EQ,422.4,12-May-21,163.55,06-Aug-20
GOACARBON,EQ,483.85,05-Aug-21,186.8,23-Sep-20
GOCLCORP,EQ,303.7,30-Jul-21,156.05,05-Aug-20
GODFRYPHLP,EQ,1110,25-Jun-21,841.5,19-Apr-21
GODHA,BE,54.65,17-Mar-21,32.1,20-Jan-21
GODREJAGRO,EQ,746.8,04-Aug-21,460.5,05-Aug-20
GODREJCP,EQ,1024,04-Aug-21,641,01-Sep-20
GODREJIND,EQ,614.85,04-Aug-21,352,04-Nov-20
GODREJPROP,EQ,1697.85,03-Aug-21,819.75,22-Sep-20
GOENKA,BZ,2.4,12-Mar-21,0.55,20-Nov-20
GOKEX,EQ,228.95,04-Aug-21,43.5,05-Aug-20
GOKUL,EQ,38.75,03-Jun-21,11.5,01-Oct-20
GOKULAGRO,EQ,49.75,08-Jun-21,12.5,04-Nov-20
GOLDBEES,EQ,51.5,27-Aug-20,35.8,08-Feb-21
GOLDENTOBC,EQ,104.6,05-Aug-21,19.95,29-Sep-20
GOLDIAM,EQ,639,05-Aug-21,105.05,31-Aug-20
GOLDSHARE,EQ,53.75,07-Aug-20,36.3,22-Jul-21
GOLDTECH,EQ,17.3,25-Feb-21,6.6,07-Aug-20
GOODLUCK,EQ,332.65,04-Aug-21,35.75,05-Aug-20
GOODYEAR,EQ,1331.85,16-Jul-21,686.3,08-Oct-20
GPIL,BE,1848,29-Jul-21,197.5,05-Aug-20
GPPL,EQ,124.3,15-Jun-21,74.05,05-Aug-20
GPTINFRA,EQ,107.85,16-Jul-21,25.35,13-Oct-20
GRANULES,EQ,437.95,01-Dec-20,282.15,31-Aug-20
GRAPHITE,EQ,815.9,25-May-21,163.15,24-Sep-20
GRASIM,EQ,1614.2,02-Aug-21,610.7,17-Aug-20
GRAUWEIL,EQ,65,05-Aug-21,61.5,05-Aug-21
GRAVITA,EQ,202,05-Aug-21,42,05-Nov-20
GREAVESCOT,EQ,184.4,24-Jun-21,66,03-Nov-20
GREENLAM,EQ,1460,02-Jul-21,676.15,22-Sep-20
GREENPANEL,BE,278.45,03-Aug-21,37,07-Aug-20
GREENPLY,EQ,224.65,21-May-21,73.5,21-Oct-20
GREENPOWER,EQ,3.75,16-Jul-21,1.65,25-Sep-20
GRINDWELL,EQ,1390,07-Jul-21,476.45,07-Aug-20
GRINFRA,EQ,1838,19-Jul-21,1550,19-Jul-21
GROBTEA,EQ,1434.75,02-Jul-21,414.1,10-Aug-20
GRPLTD,EQ,1180,07-Jun-21,665.9,08-Oct-20
GRSE,EQ,243,12-Aug-20,166.05,22-Sep-20
GSCLCEMENT,EQ,56.45,06-Jul-21,26.1,29-Sep-20
GSFC,EQ,127.15,03-Aug-21,54,24-Sep-20
GSPL,EQ,359.55,30-Jul-21,177.4,14-Oct-20
GSS,EQ,87.4,22-Jul-21,20.85,19-Aug-20
GTL,BE,31.65,06-Jul-21,1.6,07-Sep-20
GTLINFRA,BE,4.05,28-Jul-21,0.45,08-Dec-20
GTPL,EQ,206.7,15-Jul-21,83.55,24-Sep-20
GUFICBIO,EQ,215.95,17-May-21,76.2,22-Sep-20
GUJALKALI,EQ,525,04-Aug-21,304.65,22-Feb-21
GUJAPOLLO,EQ,277.05,25-Jun-21,167.4,05-Aug-20
GUJGASLTD,EQ,786,04-Aug-21,281,13-Oct-20
GUJRAFFIA,BE,84.95,06-Jul-21,9.9,05-Aug-20
GULFOILLUB,EQ,842,19-Nov-20,570.4,05-Aug-20
GULFPETRO,EQ,77.55,07-Jun-21,33,03-Nov-20
GULPOLY,BE,293,28-Jul-21,42,06-Aug-20
HAL,EQ,1423,14-Aug-20,658,04-Nov-20
HAPPSTMNDS,EQ,1580,16-Jul-21,307,27-Oct-20
HARRMALAYA,EQ,249.75,28-Jul-21,84.15,24-Sep-20
HATHWAY,EQ,41.7,07-Aug-20,20.55,22-Apr-21
HATSUN,EQ,1035,13-Jul-21,533.68,05-Aug-20
HAVELLS,EQ,1246.9,04-Aug-21,593.2,05-Aug-20
HAVISHA,BE,2.7,08-Jul-21,0.55,09-Dec-20
HBANKETF,EQ,384.2,28-Jun-21,200.1,28-Sep-20
HBLPOWER,EQ,58,23-Jul-21,14.6,06-Aug-20
HBSL,EQ,32.85,19-Jul-21,4.95,04-Sep-20
HCC,EQ,16.2,06-Jul-21,4.6,16-Oct-20
HCG,EQ,262.9,02-Aug-21,106.95,31-Aug-20
HCL-INSYS,EQ,21.75,23-Jun-21,7.05,25-Sep-20
HCLTECH,EQ,1073,05-Aug-21,677.05,12-Aug-20
HDFC,EQ,2896,16-Feb-21,1623,24-Sep-20
HDFCAMC,EQ,3358.9,15-Jan-21,2070.05,25-Sep-20
HDFCBANK,EQ,1641,16-Feb-21,1020,05-Aug-20
HDFCLIFE,EQ,746,10-Mar-21,555.95,30-Sep-20
HDFCMFGETF,EQ,50.59,07-Aug-20,36.6,22-Mar-21
HDFCNIFETF,EQ,190.01,11-Feb-21,113.51,24-Sep-20
HDFCSENETF,EQ,674,17-Feb-21,357.7,25-Sep-20
HDIL,BZ,8.7,15-Dec-20,3.2,05-Aug-20
HEG,EQ,2580,09-Apr-21,659,02-Nov-20
HEIDELBERG,EQ,284.95,31-May-21,174.2,24-Sep-20
HEMIPROP,EQ,201.8,15-Feb-21,54.4,05-Nov-20
HERANBA,EQ,945,05-Mar-21,602.1,06-Apr-21
HERCULES,EQ,179.55,19-Jul-21,79.15,05-Aug-20
HERITGFOOD,EQ,541,28-Jul-21,259,11-Nov-20
HEROMOTOCO,EQ,3629.05,18-Feb-21,2670.1,07-Aug-20
HESTERBIO,EQ,3134,18-May-21,1381,31-Aug-20
HEXATRADEX,EQ,175.25,13-Jul-21,22.5,10-Aug-20
HFCL,BE,95.7,06-Jul-21,12.8,05-Aug-20
HGINFRA,EQ,630,04-Aug-21,174.2,05-Nov-20
HGS,BE,3262.85,19-Jul-21,651.05,29-Oct-20
HIKAL,EQ,653.8,05-Aug-21,130,05-Aug-20
HIL,EQ,6758.05,02-Aug-21,1288.05,05-Aug-20
HILTON,EQ,16.25,14-Jan-21,8.1,06-Aug-20
HIMATSEIDE,BE,279,30-Jul-21,68.5,06-Aug-20
HINDALCO,EQ,474,29-Jul-21,154.4,24-Sep-20
HINDCOMPOS,EQ,387.8,13-Jan-21,163.5,05-Aug-20
HINDCON,EQ,81.9,26-Jul-21,41.75,05-Jul-21
HINDCOPPER,EQ,196.75,11-May-21,31.3,15-Oct-20
HINDMOTORS,EQ,10,08-Jan-21,4.65,08-Oct-20
HINDNATGLS,BE,53.2,21-Jun-21,22.5,13-Oct-20
HINDOILEXP,EQ,174.8,03-Aug-21,60.35,02-Nov-20
HINDPETRO,EQ,312,17-Jun-21,162.9,15-Oct-20
HINDUNILVR,EQ,2533.95,22-Jun-21,2000.05,22-Sep-20
HINDZINC,EQ,362.1,19-May-21,197.3,12-Oct-20
HIRECT,EQ,180.15,06-Jan-21,112.5,05-Aug-20
HISARMETAL,EQ,165,23-Jul-21,66,15-Oct-20
HITECH,EQ,760,29-Jul-21,101.1,25-Sep-20
HITECHCORP,EQ,275,27-Jul-21,67.55,05-Aug-20
HITECHGEAR,EQ,365.95,30-Jul-21,95.45,06-Nov-20
HLEGLAS,EQ,3791.95,14-Jun-21,1755,22-Feb-21
HLVLTD,EQ,12.4,08-Jun-21,4.2,30-Oct-20
HMT,BZ,39.95,19-Jul-21,13.8,29-Oct-20
HMVL,EQ,106.7,26-May-21,44.8,16-Oct-20
HNDFDS,BE,2578,24-Feb-21,688,05-Aug-20
HNGSNGBEES,EQ,398,09-Apr-21,269.1,15-Oct-20
HOMEFIRST,EQ,640,03-Feb-21,440,12-Apr-21
HONAUT,EQ,49990,15-Mar-21,27200,05-Aug-20
HONDAPOWER,EQ,1388.3,21-Jun-21,915,26-Apr-21
HOVS,BE,90.7,27-Jul-21,28.1,06-Nov-20
HPL,EQ,91.4,13-Jul-21,24.8,10-Nov-20
HSCL,EQ,63.9,21-Aug-20,37.5,23-Nov-20
HSIL,EQ,287.5,23-Jul-21,55.5,05-Aug-20
HTMEDIA,EQ,35.3,22-Jul-21,11.9,05-Aug-20
HUBTOWN,EQ,45,05-Aug-21,9.5,25-Sep-20
HUDCO,EQ,58.25,22-Jun-21,29.85,22-Sep-20
HUHTAMAKI,EQ,352.15,18-Feb-21,241.75,06-Aug-20
IBMFNIFTY,EQ,174,24-Feb-21,110.33,17-Sep-20
IBREALEST,EQ,174.75,26-Jul-21,46.3,04-Nov-20
IBULHSGFIN,EQ,313.7,16-Jun-21,127.75,25-Sep-20
ICDSLTD,BE,47.15,05-Aug-21,17.25,06-Jul-21
ICEMAKE,EQ,120.2,21-Dec-20,58.05,12-Oct-20
ICICI500,EQ,268.2,30-Jul-21,146.96,06-Aug-20
ICICIALPLV,EQ,185,15-Jul-21,99.9,18-Sep-20
ICICIB22,EQ,41.49,04-Aug-21,23.46,25-Sep-20
ICICIBANK,EQ,717.4,04-Aug-21,333.75,24-Sep-20
ICICIBANKN,EQ,422.2,15-Feb-21,192.1,24-Sep-20
ICICIBANKP,EQ,218,24-Feb-21,110,24-Sep-20
ICICIGI,EQ,1626.45,06-Jan-21,1200,13-Oct-20
ICICIGOLD,EQ,54.1,10-Aug-20,37.05,31-Mar-21
ICICILIQ,EQ,1040,20-May-21,984,03-Sep-20
ICICILOVOL,EQ,137.7,29-Jun-21,86,23-Sep-20
ICICIM150,EQ,118.9,30-Jun-21,60.1,05-Aug-20
ICICIMCAP,EQ,109,08-Jul-21,58.7,15-Sep-20
ICICINF100,EQ,197.3,19-Jul-21,101,07-Oct-20
ICICINIFTY,EQ,198.2,04-Aug-21,102.7,24-Sep-20
ICICINV20,EQ,99.4,05-Aug-21,47.15,24-Sep-20
ICICINXT50,EQ,45.9,22-Jul-21,25.7,25-Sep-20
ICICIPHARM,EQ,94,01-Jul-21,82.05,02-Jun-21
ICICIPRULI,EQ,684.7,04-Aug-21,397.55,25-Sep-20
ICICISENSX,EQ,609.4,22-Jun-21,381.9,04-Sep-20
ICICITECH,EQ,330,26-Jul-21,158.95,29-Sep-20
ICIL,EQ,285,03-Aug-21,62.8,14-Aug-20
ICRA,EQ,4150,29-Jul-21,2530,13-Nov-20
IDBI,EQ,45.2,24-Aug-20,26.35,25-Jan-21
IDBIGOLD,EQ,5488,10-Aug-20,4035.95,30-Dec-20
IDEA,EQ,13.8,15-Jan-21,4.55,05-Aug-21
IDFC,EQ,62.9,22-Jul-21,19.2,05-Aug-20
IDFCFIRSTB,EQ,69.3,04-Mar-21,26.7,05-Aug-20
IDFNIFTYET,EQ,178,05-Jul-21,112.86,05-Aug-20
IEX,EQ,454.6,23-Jul-21,177.75,05-Aug-20
IFBAGRO,EQ,673.9,21-Jun-21,273.2,06-Aug-20
IFBIND,EQ,1502.9,10-Feb-21,363.4,07-Aug-20
IFCI,EQ,16.4,24-Jun-21,5.65,16-Oct-20
IFGLEXPOR,EQ,434.9,12-Jul-21,109.95,05-Aug-20
IGARASHI,EQ,587,13-Jul-21,261,24-Sep-20
IGL,EQ,594.85,18-Feb-21,364.1,13-Oct-20
IGPL,EQ,738,04-Aug-21,160.85,05-Aug-20
IIFL,BE,346.3,17-Mar-21,68.1,12-Aug-20
IIFLSEC,EQ,128.5,22-Jul-21,35.85,09-Sep-20
IIFLWAM,EQ,1640.95,04-Aug-21,856.9,29-Oct-20
IITL,EQ,88.25,14-Dec-20,46.8,10-Nov-20
IL&FSENGG,BZ,6.9,26-Jul-21,2.85,31-Mar-21
IL&FSTRANS,BZ,6.95,26-Jul-21,0.95,19-Oct-20
IMAGICAA,EQ,9.45,15-Jun-21,3.65,30-Sep-20
IMFA,BE,997,02-Aug-21,178.45,05-Aug-20
IMPAL,EQ,920,28-Jul-21,508.05,04-Nov-20
INCREDIBLE,BE,44,30-Jun-21,15.1,13-Nov-20
INDBANK,EQ,37.4,16-Jul-21,6.55,05-Aug-20
INDHOTEL,EQ,157.3,07-Jul-21,76.8,05-Aug-20
INDIACEM,EQ,211.4,24-May-21,107.5,09-Sep-20
INDIAGLYCO,EQ,769,13-Jul-21,262.9,24-Sep-20
INDIAMART,EQ,9950,05-Feb-21,2876,12-Aug-20
INDIANB,EQ,157,18-Feb-21,53.1,25-Sep-20
INDIANCARD,BE,234.9,14-Jul-21,88.65,14-Aug-20
INDIANHUME,EQ,252.8,03-Aug-21,153.1,03-Nov-20
INDIGO,EQ,1860,15-Jul-21,928,07-Aug-20
INDIGOPNTS,EQ,3329.95,03-Feb-21,2220.25,19-Mar-21
INDLMETER,EQ,21.75,10-Dec-20,11,13-Apr-21
INDNIPPON,EQ,448.8,19-Feb-21,287.4,05-Aug-20
INDOCO,EQ,494.7,02-Jul-21,213,09-Sep-20
INDORAMA,BE,62.95,19-May-21,14,10-Aug-20
INDOSOLAR,BZ,4.25,01-Jul-21,1,07-Aug-20
INDOSTAR,EQ,423.8,07-Dec-20,237.6,17-Aug-20
INDOTECH,BE,292.55,15-Jul-21,80.2,12-Apr-21
INDOTHAI,EQ,73.4,03-Aug-21,15.05,14-Oct-20
INDOWIND,BE,9,13-Jul-21,2.4,21-Oct-20
INDRAMEDCO,EQ,102.5,09-Jun-21,45.3,22-Sep-20
INDSWFTLAB,EQ,127.45,20-Jul-21,32.55,09-Sep-20
INDSWFTLTD,EQ,8.7,05-Aug-21,2.35,07-Aug-20
INDTERRAIN,EQ,52.5,11-Jan-21,26.55,06-May-21
INDUSINDBK,EQ,1119.5,25-Feb-21,485,24-Sep-20
INDUSTOWER,EQ,282.65,25-Feb-21,162.2,24-Sep-20
INEOSSTYRO,EQ,1570,06-Jul-21,484,09-Sep-20
INFIBEAM,EQ,113.7,12-Mar-21,36.7,06-May-21
INFOBEAN,BE,513.8,19-Jul-21,107.8,17-Aug-20
INFRABEES,EQ,501.2,24-May-21,306.13,25-Sep-20
INFY,EQ,1679.9,04-Aug-21,912.1,01-Sep-20
INGERRAND,EQ,1074.9,20-Jul-21,555,16-Oct-20
INOXLEISUR,EQ,359,11-Jan-21,229.1,11-Aug-20
INOXWIND,EQ,142.7,29-Jul-21,34.65,04-Nov-20
INSECTICID,EQ,847,04-Aug-21,393,10-Nov-20
INSPIRISYS,BE,71.85,16-Jul-21,25.6,29-Oct-20
INTELLECT,EQ,892,26-Jul-21,159.9,05-Aug-20
INTENTECH,EQ,120.25,30-Jul-21,27.95,24-Sep-20
INVENTURE,EQ,4.7,24-Jun-21,1.42,25-Jan-21
IOB,EQ,29,30-Jun-21,8.5,16-Oct-20
IOC,EQ,117.85,09-Jun-21,71.65,24-Sep-20
IOLCP,EQ,898.9,25-Aug-20,522,23-Feb-21
IPCALAB,EQ,2460,28-Oct-20,1785.4,23-Feb-21
IPL,EQ,368,05-Jul-21,323.25,05-Aug-21
IRB,EQ,189.75,16-Jul-21,97.4,22-Dec-20
IRCON,EQ,54.25,11-Feb-21,36.38,15-Oct-20
IRCTC,EQ,2535,04-Aug-21,1290.05,04-Nov-20
IRFC,EQ,26.7,01-Mar-21,20.8,13-Apr-21
IRISDOREME,BE,197.5,03-Aug-21,62.35,22-Feb-21
ISEC,EQ,802.7,16-Jul-21,376.9,31-Mar-21
ISFT,EQ,124,20-Jul-21,57.6,17-Aug-20
ISGEC,EQ,878.35,05-Jul-21,524.15,24-May-21
ISMTLTD,BE,32.45,06-Jul-21,4.2,05-Aug-20
ITC,EQ,239.2,09-Feb-21,163.35,30-Oct-20
ITDC,EQ,464.5,17-Jun-21,215.45,10-Sep-20
ITDCEM,EQ,97.45,14-Jul-21,41.85,10-Aug-20
ITI,EQ,151.65,19-Aug-20,102,19-Apr-21
IVC,EQ,9.5,03-Aug-21,3.65,23-Nov-20
IVP,EQ,165.4,10-Jun-21,40.85,22-Sep-20
IVZINGOLD,EQ,5499.95,05-Aug-20,3610,24-Feb-21
IVZINNIFTY,EQ,1995,30-Jun-21,1161.05,24-Sep-20
IWEL,BE,954.9,04-Aug-21,189.6,11-Jun-21
IZMO,EQ,149.2,02-Aug-21,22.25,05-Aug-20
J&KBANK,EQ,44.3,22-Jun-21,14.05,30-Oct-20
JAGRAN,EQ,71.5,14-Jul-21,35.5,21-Oct-20
JAGSNPHARM,EQ,203.9,02-Aug-21,33.05,09-Sep-20
JAIBALAJI,EQ,71.05,02-Aug-21,13.75,29-Oct-20
JAICORPLTD,EQ,172.95,19-Jul-21,78.05,24-Sep-20
JAINSTUDIO,BZ,4.3,05-Aug-20,1.35,01-Dec-20
JAMNAAUTO,EQ,91,03-Aug-21,28.45,05-Aug-20
JASH,EQ,628,29-Jun-21,138.05,07-Aug-20
JAYAGROGN,EQ,323.8,04-Aug-21,85.6,07-Aug-20
JAYBARMARU,EQ,268.95,08-Jun-21,89.95,05-Aug-20
JAYNECOIND,BE,27.15,08-Jul-21,2.65,20-Oct-20
JAYSREETEA,EQ,144.95,28-Jul-21,55.1,24-Sep-20
JBCHEPHARM,EQ,1937.7,05-Jul-21,728.1,05-Aug-20
JBFIND,BE,50.3,06-Jul-21,6.8,24-Nov-20
JBMA,EQ,535.75,19-Jul-21,205.05,24-Sep-20
JCHAC,EQ,2940,03-Mar-21,1980.05,11-Aug-20
JETAIRWAYS,BZ,169.9,11-Jan-21,23.65,25-Sep-20
JHS,EQ,34.35,08-Feb-21,12.55,10-Aug-20
JINDALPHOT,EQ,90.4,05-Apr-21,11.4,03-Nov-20
JINDALPOLY,EQ,1131,05-Aug-21,407.5,05-Aug-20
JINDALSAW,EQ,147.6,29-Jul-21,55.3,05-Aug-20
JINDALSTEL,EQ,501.7,10-May-21,159.6,22-Sep-20
JINDRILL,EQ,147.9,03-Aug-21,60.1,06-Aug-20
JINDWORLD,EQ,90.6,12-Jul-21,43.15,07-Aug-20
JISLDVREQS,EQ,23.25,19-Jul-21,9,11-Nov-20
JISLJALEQS,EQ,36.2,15-Jul-21,10.25,07-Aug-20
JITFINFRA,BE,34.85,05-Aug-21,5.65,05-Aug-20
JIYAECO,BE,12.45,25-Aug-20,4.55,11-May-21
JKCEMENT,EQ,3437.6,04-Aug-21,1414,09-Sep-20
JKIL,EQ,232,26-Jul-21,92.4,05-Aug-20
JKLAKSHMI,EQ,816,29-Jul-21,243.2,09-Sep-20
JKPAPER,EQ,274.95,05-Aug-21,86.3,30-Oct-20
JKTYRE,EQ,164.8,04-Aug-21,54.6,25-Sep-20
JMA,EQ,76.8,03-Aug-21,22.75,10-Aug-20
JMCPROJECT,EQ,130,30-Jul-21,45,03-Nov-20
JMFINANCIL,EQ,117.7,16-Jul-21,72.95,05-Aug-20
JMTAUTOLTD,EQ,3.85,08-Jan-21,2.2,22-Apr-21
JOCIL,EQ,319.8,27-Jul-21,139,31-Mar-21
JPASSOCIAT,BE,15.65,17-Jun-21,2.7,25-Sep-20
JPINFRATEC,EQ,3.9,17-Jun-21,1.15,23-Oct-20
JPPOWER,EQ,6.85,13-Jul-21,2.05,25-Sep-20
JSL,EQ,168.4,30-Jul-21,37.1,05-Aug-20
JSLHISAR,EQ,304,30-Jul-21,71,05-Aug-20
JSWENERGY,BE,258.3,28-Jul-21,44.75,07-Aug-20
JSWHL,EQ,6000,03-Jun-21,1832,05-Aug-20
JSWISPL,BE,67.55,12-May-21,12.35,05-Aug-20
JSWSTEEL,EQ,773,10-May-21,228.15,05-Aug-20
JTEKTINDIA,EQ,132.9,03-Aug-21,63.3,11-Aug-20
JUBLFOOD,EQ,3829.85,03-Aug-21,1812.55,05-Aug-20
JUBLINDS,EQ,436,28-Jul-21,115.6,05-Aug-20
JUBLINGREA,EQ,671.6,22-Jul-21,241.3,30-Mar-21
JUBLPHARMA,EQ,1046.95,03-Feb-21,634.1,25-Mar-21
JUMPNET,EQ,105.9,21-Aug-20,5,17-May-21
JUNIORBEES,EQ,475.45,02-Aug-21,241.05,10-Aug-20
JUSTDIAL,EQ,1138,14-Jul-21,332.3,25-Sep-20
JYOTHYLAB,EQ,187.3,06-Jul-21,128,04-Nov-20
JYOTISTRUC,BZ,15.45,05-Aug-21,1.9,07-Sep-20
KABRAEXTRU,EQ,242,20-Jul-21,53,05-Aug-20
KAJARIACER,EQ,1054.9,14-Jun-21,397.1,14-Aug-20
KAKATCEM,EQ,319.9,11-Jun-21,136.45,24-Sep-20
KALPATPOWR,EQ,496,03-Aug-21,224.25,07-Aug-20
KALYANIFRG,BE,239.65,09-Jun-21,123.6,18-Nov-20
KALYANKJIL,EQ,89.75,09-Jun-21,56.3,07-May-21
KAMATHOTEL,EQ,57.1,08-Jun-21,26.75,24-Sep-20
KAMDHENU,EQ,194.9,03-Aug-21,65.25,05-Oct-20
KANANIIND,BE,14.85,07-Jul-21,2.7,12-Nov-20
KANORICHEM,EQ,196.1,02-Aug-21,31,05-Aug-20
KANPRPLA,EQ,307,28-Jul-21,96.35,20-Jan-21
KANSAINER,EQ,680,21-Jan-21,430,05-Aug-20
KAPSTON,BE,131.35,24-Sep-20,73.15,13-Aug-20
KARDA,BE,211.85,04-Aug-21,74.1,05-Aug-20
KARMAENG,EQ,35,05-Aug-21,8,09-Nov-20
KARURVYSYA,EQ,64.55,12-Mar-21,29.3,13-Oct-20
KAUSHALYA,EQ,3.95,05-Aug-21,1.25,11-May-21
KAVVERITEL,EQ,2.9,05-Aug-21,1.65,08-Mar-21
KAYA,EQ,548.3,15-Jul-21,198,25-Sep-20
KCP,EQ,169,03-Aug-21,56.25,24-Sep-20
KCPSUGIND,EQ,32.35,13-Jul-21,13.5,24-Sep-20
KDDL,EQ,435,20-Apr-21,118.81,10-Aug-20
KEC,EQ,486,03-Mar-21,269,07-Aug-20
KECL,EQ,22.9,17-May-21,9.75,24-Sep-20
KEERTI,EQ,32.65,21-Jan-21,17.5,05-Aug-21
KEI,EQ,763.65,01-Jul-21,319.6,20-Oct-20
KELLTONTEC,EQ,92,11-Jun-21,18.2,10-Aug-20
KENNAMET,EQ,1440,02-Jun-21,699.25,19-Oct-20
KERNEX,BE,94,06-Jul-21,16.45,30-Oct-20
KESORAMIND,EQ,105.5,04-Aug-21,34.6,24-Sep-20
KEYFINSERV,EQ,117,26-Nov-20,31.4,22-Oct-20
KHADIM,EQ,358,01-Jul-21,99.55,25-Sep-20
KHAICHEM,EQ,81,03-Aug-21,18,10-Nov-20
KHANDSE,EQ,23.3,29-Dec-20,7.45,14-Oct-20
KICL,EQ,2231.05,04-Aug-21,1215,05-Aug-20
KILITCH,EQ,228.9,02-Aug-21,78.6,24-Sep-20
KIMS,EQ,1328,03-Aug-21,937.55,01-Jul-21
KINGFA,EQ,1321.9,12-Jul-21,431.2,22-Sep-20
KIOCL,EQ,311.65,02-Aug-21,106.6,29-Oct-20
KIRIINDUS,EQ,679,21-Jun-21,395,15-Oct-20
KIRLFER,EQ,314,30-Jul-21,76,05-Aug-20
KIRLOSBROS,BE,499.2,19-Jul-21,98.1,26-Oct-20
KIRLOSENG,EQ,277.7,23-Jul-21,94.25,26-Oct-20
KIRLOSIND,EQ,1973.85,02-Jun-21,575,03-Nov-20
KITEX,EQ,223.9,15-Jul-21,91.15,12-Apr-21
KKCL,EQ,1032.5,05-Jan-21,691,11-Nov-20
KMSUGAR,EQ,39.05,06-Jul-21,8.4,05-Aug-20
KNRCON,EQ,283.9,30-Jul-21,100.28,12-Aug-20
KOKUYOCMLN,EQ,79.9,05-Jul-21,51,05-Aug-20
KOLTEPATIL,EQ,285.6,08-Jan-21,138.1,05-Aug-20
KOPRAN,BE,261,04-Aug-21,52,05-Aug-20
KOTAKBANK,EQ,2049,16-Feb-21,1230.6,25-Sep-20
KOTAKBKETF,EQ,414.7,25-Feb-21,206.51,24-Sep-20
KOTAKGOLD,EQ,50.81,05-Oct-20,38.5,31-Mar-21
KOTAKIT,EQ,34,27-Jul-21,23.36,08-Mar-21
KOTAKNIFTY,EQ,188.7,04-Jun-21,112.8,24-Sep-20
KOTAKNV20,EQ,93.3,17-Feb-21,56,06-Aug-20
KOTAKPSUBK,EQ,265,18-Feb-21,120,25-Sep-20
KOTARISUG,EQ,50.35,12-May-21,12.3,20-Aug-20
KOTHARIPET,EQ,65.7,03-Aug-21,14.15,20-Oct-20
KOTHARIPRO,BE,137.45,07-Jul-21,56.1,23-Oct-20
KOVAI,BE,1698,05-Aug-21,1526.95,05-Aug-21
KOVAI,EQ,1698,05-Aug-21,1526.95,05-Aug-21
KPIGLOBAL,EQ,163.4,05-Aug-21,121,27-Jul-21
KPITTECH,EQ,315.65,27-Jul-21,67.5,01-Sep-20
KPRMILL,EQ,2085,27-Jul-21,440.05,12-Aug-20
KRBL,EQ,339,11-Aug-20,173.15,22-Apr-21
KREBSBIO,EQ,148.8,29-Dec-20,80.1,11-Sep-20
KRIDHANINF,EQ,7.85,21-Jun-21,2.25,12-Nov-20
KRISHANA,EQ,151,28-Jul-21,45.2,05-Aug-20
KSB,EQ,1270.2,30-Jul-21,427.5,29-Oct-20
KSCL,EQ,816.65,17-May-21,463.05,02-Nov-20
KSL,EQ,466.2,02-Aug-21,196.3,24-Sep-20
KTKBANK,EQ,73.8,24-May-21,39.5,24-Sep-20
KUANTUM,EQ,98.9,30-Jul-21,37.1,14-Nov-20
L&TFH,EQ,113.4,03-Mar-21,51.96,25-Sep-20
LAKPRE,BZ,7.55,13-Jan-21,2.75,26-Nov-20
LALPATHLAB,EQ,4050,30-Jul-21,1736.6,01-Sep-20
LAMBODHARA,BE,111.95,09-Jul-21,26,05-Aug-20
LAOPALA,EQ,314.8,03-Aug-21,182,05-Aug-20
LASA,EQ,100.9,08-Jan-21,54.85,12-Aug-20
LAURUSLABS,EQ,1550,21-Sep-20,252,11-Nov-20
LAXMIMACH,EQ,8880.45,02-Aug-21,3000,17-Aug-20
LCCINFOTEC,EQ,5.7,31-Mar-21,1.45,26-May-21
LEMONTREE,EQ,49.5,08-Dec-20,23.3,05-Aug-20
LFIC,EQ,93.7,10-May-21,45.2,10-Sep-20
LGBBROSLTD,EQ,545.75,29-Jul-21,209.5,28-Sep-20
LGBFORGE,BE,9.55,04-Aug-21,2.15,19-Oct-20
LIBAS,EQ,76.4,14-Jul-21,22.71,01-Dec-20
LIBERTSHOE,EQ,189.5,23-Jul-21,115.9,19-Apr-21
LICHSGFIN,EQ,542.45,11-Jun-21,255.4,06-Aug-20
LICNETFGSC,EQ,23.39,09-Dec-20,20.33,23-Sep-20
LICNETFN50,EQ,203,19-Jul-21,110.1,10-Aug-20
LICNETFSEN,EQ,624.6,12-Jul-21,353.95,31-Aug-20
LICNFNHGP,EQ,185,24-May-21,110.75,24-Sep-20
LIKHITHA,EQ,480,11-Jun-21,125,15-Oct-20
LINCOLN,EQ,384,23-Jul-21,206,22-Oct-20
LINCPEN,EQ,239,11-Jun-21,139.3,25-Mar-21
LINDEINDIA,EQ,2074,19-Apr-21,640.2,07-Aug-20
LIQUIDBEES,EQ,1007.98,01-Dec-20,990,12-Feb-21
LIQUIDETF,EQ,1020,27-May-21,810.9,23-Sep-20
LODHA,EQ,944.9,03-Aug-21,422.6,19-Apr-21
LOKESHMACH,EQ,55.4,17-Jun-21,18.25,11-Nov-20
LOTUSEYE,BE,59,28-Jun-21,26.3,22-Sep-20
LOVABLE,EQ,145.55,28-May-21,49,05-Aug-20
LPDC,BE,8.3,08-Jul-21,1.15,17-Aug-20
LSIL,BE,3.9,13-Jul-21,0.65,01-Dec-20
LT,EQ,1647.15,22-Jul-21,843,24-Sep-20
LTI,EQ,4867.95,05-Aug-21,2311.6,24-Sep-20
LTTS,EQ,3818,29-Jul-21,1464.1,09-Sep-20
LUMAXIND,EQ,1783.4,03-Mar-21,1188,10-Nov-20
LUMAXTECH,EQ,181.9,22-Jul-21,88,24-Sep-20
LUPIN,EQ,1267.65,02-Jun-21,855.35,10-Nov-20
LUXIND,EQ,4350,27-Jul-21,1128.8,05-Aug-20
LXCHEM,EQ,283,04-Aug-21,143.25,25-Mar-21
LYKALABS,EQ,89.1,05-Aug-21,16,12-Nov-20
LYPSAGEMS,EQ,7,23-Jun-21,2.4,21-Oct-20
M&M,EQ,952.05,08-Feb-21,567.5,24-Sep-20
M&MFIN,EQ,224.3,15-Feb-21,112.7,23-Sep-20
MAANALU,BE,234.05,05-Aug-21,28.85,12-Aug-20
MACPOWER,EQ,187.2,05-Aug-21,53.1,19-Aug-20
MADHAV,EQ,75,22-Jul-21,20.9,06-Aug-20
MADHUCON,EQ,7.75,23-Jul-21,1.9,14-Aug-20
MADRASFERT,EQ,35.6,24-Jun-21,15.25,05-Nov-20
MAESGETF,EQ,31,02-Jun-21,21.75,26-Apr-21
MAFANG,EQ,57.5,01-Jun-21,44,20-May-21
MAFSETF,EQ,17.98,05-Aug-21,17.03,05-Aug-21
MAGADSUGAR,EQ,386.95,05-Jul-21,88.95,11-Nov-20
MAGNUM,BE,11.7,05-Aug-21,3.9,05-Nov-20
MAHABANK,EQ,32,07-Jun-21,10.55,24-Sep-20
MAHAPEXLTD,BE,124.35,27-Jul-21,47.4,25-Sep-20
MAHASTEEL,EQ,130.3,15-Jan-21,72.3,26-Mar-21
MAHEPC,EQ,184.4,28-Aug-20,125.25,11-Nov-20
MAHESHWARI,EQ,141.95,14-Oct-20,73.3,01-Apr-21
MAHINDCIE,EQ,280.7,26-Jul-21,105.1,06-Aug-20
MAHLIFE,EQ,822.4,03-Aug-21,206,07-Aug-20
MAHLOG,EQ,821,02-Aug-21,285.25,14-Aug-20
MAHSCOOTER,EQ,4399.95,02-Feb-21,2737.05,24-Sep-20
MAHSEAMLES,EQ,354.4,21-Dec-20,199.6,06-Aug-20
MAITHANALL,EQ,1254.95,04-Aug-21,460,06-Aug-20
MAJESCO,EQ,1009.9,15-Dec-20,12.2,23-Dec-20
MALUPAPER,EQ,44,29-Jul-21,22.45,10-Nov-20
MAN50ETF,EQ,173.6,26-Jul-21,110,24-Sep-20
MANAKALUCO,EQ,23.95,28-May-21,6.15,14-Nov-20
MANAKCOAT,EQ,18.8,12-May-21,3.6,30-Oct-20
MANAKSIA,EQ,78.2,15-Jun-21,33,06-Aug-20
MANAKSTEEL,EQ,37.6,27-Jul-21,8.65,01-Sep-20
MANALIPETC,BE,94,04-Aug-21,19.2,06-Aug-20
MANAPPURAM,EQ,218,30-Jul-21,139.1,22-Apr-21
MANGALAM,EQ,196.95,27-Jul-21,67.7,05-Aug-20
MANGCHEFER,EQ,101,14-May-21,27.25,16-Oct-20
MANGLMCEM,EQ,543.6,03-Aug-21,171.4,24-Sep-20
MANINDS,EQ,147.1,02-Aug-21,47.5,05-Aug-20
MANINFRA,EQ,70.7,27-Jul-21,18.05,05-Aug-20
MANUGRAPH,EQ,16.15,14-Jun-21,7.75,14-Nov-20
MANXT50,EQ,406.21,26-Jul-21,223.9,17-Sep-20
MARALOVER,EQ,88.75,05-Aug-21,10.75,22-Sep-20
MARATHON,EQ,107.95,15-Dec-20,42.05,15-Apr-21
MARICO,EQ,553.2,30-Jul-21,333,24-Sep-20
MARINE,EQ,90.7,07-Jun-21,38,08-Dec-20
MARKSANS,EQ,97.6,14-Jun-21,43.65,01-Sep-20
MARUTI,EQ,8329,12-Jan-21,6270.15,24-Sep-20
MASFIN,EQ,1110.85,18-Nov-20,620.15,06-Aug-20
MASKINVEST,BE,59.5,26-Aug-20,21.3,02-Jun-21
MASTEK,EQ,2875,22-Jul-21,615,05-Aug-20
MATRIMONY,EQ,1242,25-Feb-21,522.5,01-Sep-20
MAWANASUG,BE,120,14-Jul-21,22.3,04-Nov-20
MAXHEALTH,EQ,305.9,02-Aug-21,97.15,12-Nov-20
MAXIND,EQ,79.95,28-Aug-20,48.05,10-Sep-20
MAXVIL,EQ,99.2,02-Aug-21,35.1,21-Sep-20
MAYURUNIQ,EQ,546,07-Jul-21,217.65,13-Aug-20
MAZDA,EQ,752.95,31-May-21,313.6,06-Aug-20
MAZDOCK,EQ,296,10-Jun-21,164,13-Oct-20
MBAPL,EQ,158.95,30-Jul-21,57,29-Oct-20
MBECL,BE,12.95,19-Jul-21,4.4,06-Nov-20
MBLINFRA,EQ,29.85,23-Jun-21,5.95,05-Aug-20
MCDHOLDING,EQ,71.05,23-Jun-21,20.6,11-Sep-20
MCDOWELL-N,EQ,690,26-Jul-21,494,24-Sep-20
MCL,EQ,116,21-Dec-20,38.1,29-Jul-21
MCLEODRUSS,EQ,43.5,09-Jun-21,10.9,05-Aug-20
MCX,EQ,1875,26-Oct-20,1432.3,06-Apr-21
MEGASOFT,BE,17.2,04-Aug-21,6.35,07-Aug-20
MELSTAR,BZ,3.65,14-Jul-21,1.65,15-Oct-20
MENONBE,EQ,88.35,03-Aug-21,37.1,22-Sep-20
MEP,EQ,28.4,14-Jul-21,12.05,01-Oct-20
MERCATOR,BE,3.45,26-Jul-21,0.7,23-Oct-20
METALFORGE,BZ,8.65,16-Jun-21,3.7,10-Aug-20
METROPOLIS,EQ,3231.8,30-Jul-21,1515.2,12-Aug-20
MFSL,EQ,1148.05,29-Jul-21,514.9,17-Aug-20
MGEL,EQ,66.5,05-Jul-21,35.2,23-Dec-20
MGL,EQ,1284.4,17-Jun-21,779.65,14-Oct-20
MHRIL,EQ,338.9,23-Jul-21,160.5,15-Oct-20
MIDHANI,EQ,236,26-Aug-20,172.8,16-Oct-20
MINDACORP,EQ,148.1,16-Jul-21,65.1,15-Oct-20
MINDAIND,EQ,834,03-Aug-21,278.2,05-Aug-20
MINDTECK,EQ,133.8,04-Aug-21,22.35,06-Aug-20
MINDTREE,EQ,2944,30-Jul-21,1093.15,12-Aug-20
MIRCELECTR,BE,25.5,13-Jul-21,7.45,13-Oct-20
MIRZAINT,EQ,69.4,27-Jul-21,43,22-Apr-21
MITTAL,EQ,37.15,02-Sep-20,8.25,23-Apr-21
MMFL,EQ,803.9,04-Aug-21,195.95,05-Aug-20
MMP,EQ,196,03-Aug-21,67.1,14-Aug-20
MMTC,EQ,63.95,08-Jun-21,15.7,25-Sep-20
MODIRUBBER,BE,216.05,09-Mar-21,25.35,28-Sep-20
MODISNME,EQ,97.25,04-Aug-21,52.05,03-May-21
MOGSEC,EQ,57.4,27-Apr-21,45.89,30-Dec-20
MOHITIND,BE,22.05,07-Jul-21,3,15-Oct-20
MOHOTAIND,BE,14.65,30-Dec-20,5.95,04-May-21
MOIL,EQ,207.95,22-Jun-21,120.6,04-Nov-20
MOKSH,EQ,123.85,07-Jul-21,24,14-Jul-21
MOLDTECH,BE,108,07-Jul-21,34.55,06-Aug-20
MOLDTKPAC,EQ,546,14-Jul-21,243.04,05-Aug-20
MOM100,EQ,29.95,05-Aug-21,16.11,05-Aug-20
MOM50,EQ,168.8,17-Jun-21,105.6,20-Aug-20
MON100,EQ,125.4,19-Jul-21,77.6,21-Sep-20
MONTECARLO,EQ,389.7,30-Jul-21,155,10-Aug-20
MORARJEE,EQ,23.95,05-Jul-21,8.1,24-Sep-20
MOREPENLAB,EQ,75,06-Jul-21,22.35,25-Sep-20
MOTHERSUMI,EQ,272.85,02-Jun-21,97.75,07-Aug-20
MOTILALOFS,EQ,1188,19-Jul-21,538,22-Oct-20
MOTOGENFIN,EQ,25.8,31-Mar-21,13.2,28-Oct-20
MPHASIS,EQ,2756.55,05-Aug-21,1081.85,31-Aug-20
MPSLTD,EQ,760,02-Aug-21,341.85,12-Jan-21
MRF,EQ,98599.95,11-Feb-21,55300,24-Sep-20
MRO-TEK,EQ,40.1,31-Dec-20,18.1,05-Nov-20
MRPL,EQ,56.6,15-Jun-21,25.25,15-Oct-20
MSPL,EQ,13.3,05-May-21,5.75,20-Oct-20
MSTCLTD,EQ,400,09-Feb-21,137.5,01-Sep-20
MTARTECH,EQ,1563.95,16-Jul-21,860,19-Mar-21
MTEDUCARE,EQ,15.15,11-Aug-20,6.25,31-Mar-21
MTNL,EQ,24.4,15-Mar-21,7.5,01-Oct-20
MUKANDLTD,BE,154.95,03-Aug-21,19.15,05-Aug-20
MUKTAARTS,EQ,42.5,02-Aug-21,22.15,07-Aug-20
MUNJALAU,EQ,72.8,04-Aug-21,48.05,12-Aug-20
MUNJALSHOW,EQ,176.45,09-Feb-21,105,05-Aug-20
MURUDCERA,EQ,33.5,04-Aug-21,13.8,24-Sep-20
MUTHOOTCAP,EQ,528,31-Aug-20,348.2,12-Aug-20
MUTHOOTFIN,EQ,1638.85,04-Aug-21,1000,22-Sep-20
NACLIND,EQ,89.2,10-Jun-21,29.6,19-Oct-20
NAGAFERT,BE,20.55,15-Jul-21,3.75,13-Oct-20
NAGREEKEXP,EQ,47.9,05-Aug-21,11.45,05-Aug-20
NAHARCAP,EQ,423.7,04-Aug-21,59.1,28-Sep-20
NAHARINDUS,BE,148.8,30-Jul-21,22.75,16-Oct-20
NAHARPOLY,EQ,318.9,04-Aug-21,55.85,24-Sep-20
NAHARSPING,BE,469,05-Aug-21,32.15,05-Aug-20
NAM-INDIA,EQ,439.35,16-Jul-21,249,25-Sep-20
NATCOPHARM,EQ,1189,06-Jul-21,731,09-Sep-20
NATHBIOGEN,EQ,473.95,01-Jun-21,221.2,09-Sep-20
NATIONALUM,EQ,97,05-Aug-21,29.1,14-Oct-20
NATNLSTEEL,BE,5.8,14-May-21,2,10-Aug-20
NAUKRI,EQ,5880,06-Jan-21,3220,21-Aug-20
NAVINFLUOR,EQ,4015,26-Jul-21,1755.1,05-Aug-20
NAVKARCORP,EQ,54.75,19-Jul-21,24,12-Oct-20
NAVNETEDUL,EQ,107.5,06-Jul-21,72.7,19-May-21
NAZARA,EQ,2024.9,30-Mar-21,1432,31-Mar-21
NBCC,EQ,59.8,22-Jun-21,22.2,24-Sep-20
NBIFIN,EQ,3200,24-May-21,1326,24-Sep-20
NBVENTURES,EQ,133,03-Aug-21,46.75,24-Nov-20
NCC,EQ,99.85,09-Feb-21,29.5,24-Sep-20
NCLIND,EQ,304.95,03-Aug-21,83.5,05-Aug-20
NCPSESDL24,EQ,123.26,26-Nov-20,99.91,14-Dec-20
NDGL,BE,2175,23-Jun-21,552.25,09-Sep-20
NDL,EQ,84.1,03-Aug-21,18.5,20-Oct-20
NDRAUTO,BE,406.6,04-Aug-21,108.7,06-Aug-20
NDTV,EQ,86.15,25-May-21,25.7,26-Oct-20
NECCLTD,EQ,20.05,02-Aug-21,6.55,19-Apr-21
NECLIFE,EQ,47.9,12-Jul-21,16.15,10-Nov-20
NELCAST,EQ,100.35,26-Jul-21,49.5,05-Aug-20
NELCO,EQ,409,05-Jul-21,172.55,14-Oct-20
NEOGEN,EQ,1028,24-May-21,590.5,11-Aug-20
NESCO,EQ,696.8,06-Jul-21,431,05-Aug-20
NESTLEIND,EQ,18844,28-Dec-20,15100,22-Sep-20
NETF,EQ,199.58,05-Aug-21,109.42,09-Sep-20
NETFCONSUM,EQ,77.45,26-Jul-21,51,25-Sep-20
NETFDIVOPP,EQ,48.3,05-Jul-21,26.6,25-Sep-20
NETFGILT5Y,EQ,50,08-Apr-21,46.86,03-Jun-21
NETFIT,EQ,32.5,28-Jun-21,17.03,05-Aug-20
NETFLTGILT,EQ,25,31-May-21,18.55,28-Sep-20
NETFMID150,EQ,115.32,03-Aug-21,58,05-Aug-20
NETFNIF100,EQ,195,15-Jun-21,96.05,05-Oct-20
NETFNV20,EQ,95.1,12-Mar-21,56.3,11-Sep-20
NETFPHARMA,EQ,17.44,07-Jul-21,13.37,07-Jul-21
NETFSDL26,EQ,107.27,29-Jul-21,100.93,28-Jul-21
NETWORK18,EQ,58,11-Jun-21,31.35,24-Sep-20
NEULANDLAB,BE,2844.4,22-Apr-21,765.25,06-Aug-20
NEWGEN,BE,755,05-Jul-21,175.15,05-Aug-20
NEXTMEDIA,EQ,7.45,08-Jan-21,3.5,01-Apr-21
NFL,EQ,73.7,12-May-21,29.85,02-Nov-20
NH,EQ,566.7,02-Jun-21,265.6,05-Aug-20
NHPC,EQ,27.6,12-May-21,19.7,02-Nov-20
NIACL,EQ,197,19-Feb-21,99.8,04-Nov-20
NIBL,EQ,26.75,12-Apr-21,4.8,06-Nov-20
NIFTYBEES,EQ,184.9,15-Jul-21,102.26,04-Sep-20
NIFTYEES,EQ,20748,27-Jul-21,10200,17-Sep-20
NIITLTD,EQ,348,30-Jul-21,93.15,05-Aug-20
NILAINFRA,EQ,8.3,08-Jan-21,3.7,18-Nov-20
NILASPACES,BE,2.8,24-Jun-21,1,04-Nov-20
NILKAMAL,EQ,3180,03-Aug-21,1196,10-Aug-20
NIPPOBATRY,EQ,1282.4,29-Jul-21,485.2,05-Aug-20
NIRAJ,EQ,54.45,14-Oct-20,34.8,07-May-21
NITCO,EQ,33.95,14-Jun-21,15.6,11-Nov-20
NITINFIRE,BZ,2.6,28-Jul-21,0.3,20-Nov-20
NITINSPIN,BE,295,03-Aug-21,35.05,24-Sep-20
NITIRAJ,EQ,66,31-May-21,38.2,17-May-21
NKIND,EQ,31.9,13-Jul-21,16.2,02-Feb-21
NLCINDIA,EQ,73.75,12-May-21,46.2,19-Apr-21
NMDC,EQ,213.2,12-May-21,75.6,24-Sep-20
NOCIL,EQ,293.7,03-Aug-21,108.4,05-Aug-20
NOIDATOLL,EQ,8.65,09-Mar-21,3.1,23-Sep-20
NOVARTIND,EQ,1098,09-Jul-21,530.05,30-Mar-21
NPBET,EQ,219.98,15-Jun-21,105.53,24-Sep-20
NRAIL,EQ,331.8,30-Jul-21,171.5,14-Oct-20
NRBBEARING,EQ,154.4,09-Jul-21,66.5,30-Oct-20
NSIL,EQ,2166.65,29-Jul-21,638.95,06-Aug-20
NTL,EQ,2.4,05-Aug-21,0.6,05-Aug-20
NTPC,EQ,122,20-Jul-21,78.1,14-Oct-20
NUCLEUS,EQ,766,02-Jul-21,311,05-Aug-20
NURECA,EQ,1996.85,04-Aug-21,555.6,15-Mar-21
NXTDIGITAL,EQ,724.8,31-Aug-20,422.15,05-Aug-20
OAL,EQ,1019,16-Jul-21,288,01-Sep-20
OBEROIRLTY,EQ,755,02-Aug-21,349.25,17-Aug-20
OCCL,EQ,1323.9,02-Aug-21,727,23-Sep-20
OFSS,EQ,4650,29-Jul-21,2881.05,11-Sep-20
OIL,EQ,177.4,06-Jul-21,83.5,03-Nov-20
OILCOUNTUB,BE,10,06-Jul-21,3.5,02-Mar-21
OLECTRA,BE,344,04-Aug-21,55,01-Dec-20
OMAXAUTO,BE,73.75,14-Jul-21,29.65,05-Aug-20
OMAXE,EQ,98.6,05-Jul-21,60,26-Apr-21
OMINFRAL,EQ,38.75,29-Jul-21,12.8,10-Aug-20
OMKARCHEM,EQ,21.6,05-Aug-21,4.6,05-Aug-20
ONELIFECAP,EQ,14.75,05-Aug-21,5.25,07-Aug-20
ONEPOINT,BE,55.1,16-Jul-21,9.4,10-Aug-20
ONGC,EQ,128.5,15-Jun-21,64.1,29-Oct-20
ONMOBILE,EQ,154.4,13-Jul-21,32.6,05-Aug-20
ONWARDTEC,EQ,282.9,20-Jul-21,57.5,01-Sep-20
OPTIEMUS,BE,208.55,04-Mar-21,23.15,05-Aug-20
OPTOCIRCUI,BE,8.45,05-Aug-20,2.8,01-Apr-21
ORBTEXP,EQ,99.7,27-Jul-21,54.35,05-Oct-20
ORCHPHARMA,BE,2654.25,05-Apr-21,17.15,03-Nov-20
ORICONENT,EQ,37.4,04-Aug-21,15.9,13-Nov-20
ORIENTABRA,EQ,38.7,20-Jul-21,16.8,12-Aug-20
ORIENTALTL,EQ,13.2,29-Jun-21,5.05,12-Apr-21
ORIENTBELL,EQ,429.2,26-Jul-21,74.2,05-Aug-20
ORIENTCEM,EQ,173.15,04-Aug-21,56.2,22-Sep-20
ORIENTELEC,EQ,368,27-Jul-21,173.3,17-Aug-20
ORIENTHOT,EQ,43.35,04-Jun-21,18.5,05-Aug-20
ORIENTLTD,EQ,122.9,09-Jun-21,61.75,05-Aug-20
ORIENTPPR,EQ,33.9,03-Aug-21,15.6,22-Sep-20
ORISSAMINE,EQ,3802,17-Jun-21,1724.35,05-Aug-20
ORTEL,BZ,1.55,07-Aug-20,0.7,31-Mar-21
ORTINLAB,EQ,52.25,18-Jun-21,21.4,15-Apr-21
OSWALAGRO,EQ,20,15-Jul-21,7.9,09-Sep-20
PAEL,BZ,12.7,15-Apr-21,1.65,04-Nov-20
PAGEIND,EQ,33989,26-Jul-21,17685,22-Sep-20
PAISALO,EQ,880,02-Mar-21,346,21-Sep-20
PALASHSECU,EQ,93.5,30-Jun-21,24.05,05-Aug-20
PALREDTEC,EQ,170,09-Jun-21,16.95,18-Aug-20
PANACEABIO,EQ,449,28-May-21,170.75,03-Nov-20
PANACHE,BE,94.8,06-Jul-21,37.15,22-Dec-20
PANAMAPET,EQ,309.8,05-Aug-21,40.2,05-Aug-20
PARACABLES,BE,24.4,14-Jul-21,6.05,02-Nov-20
PARAGMILK,EQ,157.8,12-May-21,88.2,05-Aug-20
PARSVNATH,EQ,19.5,26-Jul-21,2.15,04-Nov-20
PATELENG,EQ,23.3,22-Jun-21,9.15,30-Oct-20
PATINTLOG,EQ,32,20-May-21,14.5,31-Mar-21
PATSPINLTD,EQ,14.4,04-Aug-21,3.8,07-Oct-20
PBAINFRA,BE,22.05,28-Jun-21,7.15,31-May-21
PCJEWELLER,EQ,32.95,12-Mar-21,12.75,12-Oct-20
PDMJEPAPER,EQ,47.5,05-Aug-21,12.8,06-Aug-20
PDSMFL,EQ,1550,03-Aug-21,257,21-Aug-20
PEARLPOLY,EQ,21.6,16-Dec-20,13.5,12-Apr-21
PEL,EQ,2615,05-Aug-21,1178.55,24-Sep-20
PENIND,EQ,42.9,30-Jul-21,14.8,24-Sep-20
PENINLAND,BE,17.15,20-Jul-21,3.65,20-Oct-20
PERSISTENT,EQ,3298,26-Jul-21,929.95,06-Aug-20
PETRONET,EQ,275.35,12-Jan-21,207.25,14-Oct-20
PFC,EQ,140.5,12-Mar-21,81.45,05-Aug-20
PFIZER,EQ,6105,28-Jul-21,4330,19-Mar-21
PFOCUS,EQ,75.9,22-Apr-21,25.25,05-Aug-20
PFS,EQ,24.25,08-Dec-20,16.1,22-Sep-20
PGEL,EQ,499,16-Mar-21,43,13-Aug-20
PGHH,EQ,14135.65,24-Jun-21,9691.4,22-Sep-20
PGHL,EQ,7500,17-Feb-21,4386,05-Aug-20
PGIL,EQ,474.7,03-Aug-21,111,10-Aug-20
PHILIPCARB,EQ,277,02-Aug-21,100.6,05-Aug-20
PHOENIXLTD,EQ,918.45,02-Aug-21,541.7,24-Sep-20
PIDILITIND,EQ,2333.95,22-Jul-21,1306.95,06-Aug-20
PIIND,EQ,3379,03-Aug-21,1806.1,31-Aug-20
PILANIINVS,EQ,2330,31-Dec-20,1028.71,13-Aug-20
PILITA,EQ,19.2,01-Apr-21,5.5,18-Aug-20
PIONDIST,EQ,140.4,17-Jun-21,89.1,22-Sep-20
PIONEEREMB,EQ,79.7,02-Aug-21,18.6,21-Oct-20
PITTIENG,EQ,214.65,02-Aug-21,27.4,05-Aug-20
PKTEA,BE,384.9,02-Jul-21,120,05-Aug-20
PLASTIBLEN,EQ,295.85,15-Jul-21,167.05,05-Aug-20
PNB,EQ,46.35,19-Feb-21,26.3,29-Oct-20
PNBGILTS,EQ,94.65,03-Jun-21,36.75,12-Oct-20
PNBHOUSING,BE,925,08-Jun-21,208.5,05-Aug-20
PNC,EQ,60.95,23-Apr-21,11,05-Nov-20
PNCINFRA,EQ,329.2,27-Jul-21,126.5,05-Aug-20
PODDARHOUS,EQ,268.7,06-Jan-21,137.95,04-Nov-20
PODDARMENT,EQ,433.85,26-Jul-21,166.2,11-Nov-20
POKARNA,EQ,477,03-Aug-21,118.05,09-Sep-20
POLYCAB,EQ,2033,01-Jul-21,798,22-Sep-20
POLYMED,EQ,1165,24-May-21,365,31-Aug-20
POLYPLEX,EQ,1595,04-Aug-21,636.6,05-Aug-20
PONNIERODE,BE,380,30-Jun-21,136.2,22-Feb-21
POONAWALLA,BE,185,30-Jul-21,28.45,05-Aug-20
POWERGRID,EQ,188.63,15-Jun-21,115.95,15-Oct-20
POWERINDIA,EQ,2085,03-Aug-21,866.2,05-Aug-20
POWERMECH,EQ,922,02-Jul-21,353.5,24-Sep-20
PPAP,EQ,339.4,29-Jul-21,159.9,06-Aug-20
PPL,EQ,194.7,24-Jun-21,59.4,05-Aug-20
PRAENG,BE,31.05,04-Aug-21,5.55,30-Sep-20
PRAJIND,BE,407,08-Jun-21,58.75,07-Aug-20
PRAKASH,EQ,104.75,11-May-21,35.9,24-Sep-20
PRAKASHSTL,EQ,1.75,05-Aug-21,0.55,17-Nov-20
PRAXIS,EQ,62.2,02-Feb-21,28.6,19-Aug-20
PRECAM,EQ,112,02-Aug-21,30.75,24-Sep-20
PRECOT,EQ,308,22-Jul-21,20,12-Aug-20
PRECWIRE,EQ,244.9,24-Jun-21,100,06-Aug-20
PREMEXPLN,BE,249,26-Jul-21,107.6,24-Sep-20
PREMIER,EQ,5.95,11-Jan-21,1.8,06-Aug-20
PREMIERPOL,EQ,113.8,28-Jul-21,19.45,10-Aug-20
PRESSMN,EQ,39.6,04-Aug-21,15.55,30-Oct-20
PRESTIGE,EQ,377.8,03-Aug-21,201.2,06-Aug-20
PRICOLLTD,EQ,106.7,13-Jul-21,33.35,19-Aug-20
PRIMESECU,EQ,115.85,04-Aug-21,38.5,27-Jan-21
PRINCEPIPE,EQ,794.4,24-May-21,114.9,05-Aug-20
PRIVISCL,EQ,1955,03-Aug-21,500.65,21-Aug-20
PROINDIA,BE,15.5,05-Aug-21,1.4,20-May-21
PROZONINTU,EQ,56.35,14-Jun-21,14.15,08-Apr-21
PRSMJOHNSN,EQ,149.45,29-Jul-21,45.5,06-Aug-20
PSB,EQ,23.75,19-Feb-21,10.3,16-Oct-20
PSPPROJECT,EQ,531.3,05-Feb-21,378.05,18-Nov-20
PSUBNKBEES,EQ,29.83,14-Jul-21,13.56,25-Sep-20
PTC,EQ,110.8,15-Jun-21,44.65,27-Oct-20
PTL,EQ,58,19-Jul-21,35.55,19-Apr-21
PUNJABCHEM,EQ,1490,22-Jul-21,425.1,06-Aug-20
PUNJLLOYD,BZ,2.8,11-Jan-21,1.2,09-Apr-21
PURVA,EQ,120.4,02-Aug-21,40.35,25-Sep-20
PVP,EQ,7.05,05-Aug-21,4.55,29-Jul-21
PVR,EQ,1591.9,21-Jan-21,988.35,19-Apr-21
QGOLDHALF,EQ,2499,07-Aug-20,1836.4,03-May-21
QNIFTY,EQ,1697,05-Aug-21,1120,24-Sep-20
QUESS,EQ,926,03-Aug-21,348.05,05-Aug-20
QUICKHEAL,EQ,318.9,03-Aug-21,112.4,05-Aug-20
RADAAN,BE,1.8,24-Jun-21,0.7,25-Mar-21
RADICO,EQ,917.9,30-Jul-21,375.5,11-Aug-20
RADIOCITY,EQ,29.6,15-Jun-21,15.45,06-Aug-20
RAILTEL,EQ,189.7,03-Mar-21,101,26-Feb-21
RAIN,EQ,272.75,02-Aug-21,93.1,05-Aug-20
RAJESHEXPO,EQ,638,15-Jun-21,441,02-Nov-20
RAJMET,BE,178,29-Jul-21,37.25,16-Feb-21
RAJRATAN,BE,2758.6,04-Aug-21,243.95,05-Aug-20
RAJRAYON,BZ,0.6,17-Jun-21,0.05,08-Oct-20
RAJSREESUG,EQ,38.2,06-Jul-21,11.25,19-Oct-20
RAJTV,BE,66.7,01-Jul-21,29.65,15-Apr-21
RALLIS,EQ,362.6,18-Jun-21,232.35,03-Nov-20
RAMANEWS,EQ,27.7,02-Aug-21,12.15,10-Nov-20
RAMASTEEL,BE,219.1,05-Aug-21,28,05-Aug-20
RAMCOCEM,EQ,1132.7,27-Jul-21,664.05,09-Sep-20
RAMCOIND,EQ,366.65,26-Jul-21,166.6,31-Aug-20
RAMCOSYS,EQ,785,11-Jan-21,134,05-Aug-20
RAMKY,BE,210.45,06-Jul-21,27.4,04-Nov-20
RANASUG,BE,38.3,14-Jul-21,5.4,03-Nov-20
RANEENGINE,EQ,386.4,13-Jul-21,178.25,06-Aug-20
RANEHOLDIN,EQ,782.75,26-Jul-21,391.05,03-Nov-20
RATNAMANI,EQ,2248.35,02-Aug-21,1088,17-Aug-20
RAYMOND,EQ,473.9,20-Jul-21,251.55,07-Aug-20
RBL,EQ,1209,14-Jul-21,521.05,24-Sep-20
RBLBANK,EQ,274.3,08-Jan-21,156.1,24-Sep-20
RCF,EQ,100.15,02-Mar-21,41.65,24-Sep-20
RCOM,EQ,5.05,24-Jun-21,1.35,22-Oct-20
RECLTD,EQ,167.8,09-Jun-21,91.8,13-Oct-20
REDINGTON,EQ,358,13-Jul-21,86.75,07-Aug-20
REFEX,EQ,169,29-Jun-21,42.5,07-Sep-20
RELAXO,EQ,1242.9,24-Jun-21,610,22-Sep-20
RELCAPITAL,EQ,30.65,24-Jun-21,7.1,16-Oct-20
RELIANCE,EQ,2369.35,16-Sep-20,1830,29-Jan-21
RELIGARE,EQ,175.8,02-Aug-21,33.55,17-Aug-20
RELINFRA,BE,108.65,21-Jun-21,19.2,12-Nov-20
REMSONSIND,BE,314.7,06-Jul-21,66.2,12-Aug-20
RENUKA,BE,47.75,06-Jul-21,8.6,25-Sep-20
REPCOHOME,EQ,430,14-Jun-21,130.6,17-Aug-20
REPL,EQ,280,16-Jun-21,97.05,15-Dec-20
REPRO,EQ,456.8,16-Sep-20,326.15,19-Apr-21
RESPONIND,EQ,202,12-Mar-21,91,22-Sep-20
REVATHI,EQ,841.95,16-Jun-21,382.25,06-Aug-20
RGL,EQ,699,02-Aug-21,217,03-Nov-20
RHFL,BE,6.65,25-Jun-21,1.4,13-Oct-20
RHIM,EQ,392.5,04-Aug-21,168.6,05-Aug-20
RICOAUTO,EQ,62.4,30-Jul-21,27,05-Aug-20
RIIL,EQ,866,23-Jun-21,347,22-Apr-21
RITES,EQ,303,14-Jul-21,232.2,19-Apr-21
RKDL,BE,19.7,26-Jul-21,5.7,10-Nov-20
RKEC,EQ,117,12-Jul-21,36.55,18-Dec-20
RKFORGE,EQ,952,04-Aug-21,172.05,05-Aug-20
RMCL,BZ,4.4,20-Aug-20,1.9,22-Apr-21
RML,EQ,494.65,05-Mar-21,192.1,12-Oct-20
RNAVAL,BZ,6.95,24-Jun-21,1.8,22-Oct-20
ROHLTD,EQ,93.2,11-Jun-21,52.75,05-Apr-21
ROLLT,EQ,5,11-Jan-21,1.95,13-Nov-20
ROLTA,BE,10.05,06-Jul-21,3.15,01-Apr-21
ROML,EQ,170.35,08-Feb-21,3.45,07-Oct-20
ROSSARI,EQ,1450,05-Aug-21,675.15,14-Aug-20
ROSSELLIND,EQ,212,03-Aug-21,82,06-Aug-20
ROUTE,EQ,2307,05-Jul-21,625,21-Sep-20
RPGLIFE,EQ,539,29-Jul-21,326,31-Aug-20
RPOWER,BE,18.25,23-Jun-21,2.4,22-Oct-20
RPPINFRA,EQ,103.5,20-Jul-21,39.95,12-Nov-20
RPSGVENT,EQ,808.95,20-Jul-21,180.05,05-Aug-20
RSSOFTWARE,EQ,46,14-Jun-21,16.1,05-Aug-20
RSWM,EQ,439.25,04-Aug-21,69,12-Aug-20
RSYSTEMS,EQ,211.95,30-Jul-21,92.2,05-Aug-20
RTNINDIA,BE,71,28-Jul-21,4.55,06-Apr-21
RTNPOWER,BE,9.7,06-Jul-21,1.85,21-Oct-20
RUBYMILLS,EQ,349.3,03-Aug-21,134.4,12-Nov-20
RUCHI,EQ,1376.7,09-Jun-21,403.75,25-Sep-20
RUCHINFRA,BE,15.3,10-Aug-20,5.5,23-Apr-21
RUCHIRA,EQ,105.75,14-Jul-21,44.45,05-Aug-20
RUPA,EQ,550,03-Aug-21,153.25,05-Aug-20
RUSHIL,EQ,328.3,04-Aug-21,67.45,24-Sep-20
RVHL,EQ,35.95,08-Jan-21,15.05,01-Apr-21
RVNL,EQ,35.55,11-Jan-21,18.05,04-Nov-20
S&SPOWER,EQ,27.95,11-Jun-21,8.1,19-Nov-20
SABEVENTS,BE,3.8,03-Aug-21,0.85,07-Aug-20
SADBHAV,EQ,96.5,30-Jun-21,40.3,19-Oct-20
SADBHIN,EQ,41.6,05-Jul-21,14.8,13-Nov-20
SAFARI,EQ,842.45,13-Jul-21,343.95,17-Aug-20
SAGARDEEP,BE,98.6,26-Aug-20,29.3,30-Mar-21
SAGCEM,EQ,1550,05-Aug-21,444,09-Sep-20
SAIL,EQ,151.3,10-May-21,32.65,15-Oct-20
SAKAR,EQ,212,03-Aug-21,54.65,07-Aug-20
SAKHTISUG,BE,22.95,13-Jul-21,6.95,03-Nov-20
SAKSOFT,EQ,734.45,15-Jul-21,238.1,05-Aug-20
SAKUMA,BE,14.7,16-Jul-21,4.05,31-Mar-21
SALASAR,EQ,372,13-Jul-21,75.78,02-Sep-20
SALONA,EQ,250,04-Aug-21,48,12-Oct-20
SALSTEEL,BE,17.6,05-Aug-21,2.3,14-Oct-20
SALZERELEC,EQ,189.5,02-Aug-21,82.5,05-Aug-20
SAMBHAAV,BE,4.65,23-Jun-21,1.45,14-Oct-20
SANCO,EQ,21.5,09-Feb-21,6.9,31-Mar-21
SANDESH,EQ,1084.7,14-Jul-21,460.15,10-Aug-20
SANDHAR,EQ,317.05,19-Jul-21,174.5,23-Apr-21
SANGAMIND,EQ,156.95,05-Aug-21,44.65,25-Sep-20
SANGHIIND,EQ,79.85,04-Aug-21,22.95,21-Oct-20
SANGHVIMOV,EQ,230,02-Jul-21,64.85,05-Aug-20
SANGINITA,EQ,90.65,15-Sep-20,18,01-Apr-21
SANOFI,EQ,8989,24-Aug-20,7424,27-Apr-21
SANWARIA,BZ,2.65,05-Aug-20,0.55,10-May-21
SARDAEN,BE,863,03-Aug-21,191,05-Aug-20
SAREGAMA,BE,3629,09-Jul-21,452.05,10-Aug-20
SARLAPOLY,EQ,51,04-Aug-21,15.6,12-Aug-20
SASKEN,EQ,1429,20-Jul-21,538.55,09-Sep-20
SASTASUNDR,BE,370,12-Jul-21,76.55,24-Sep-20
SATIA,EQ,143,09-Sep-20,73,26-Mar-21
SATIN,EQ,112.9,10-Mar-21,51.25,13-Oct-20
SBCL,EQ,193.5,05-Aug-21,115.1,02-Jul-21
SBICARD,EQ,1139.5,10-Jun-21,751,05-Aug-20
SBIETFCON,EQ,66.5,04-Aug-21,62,29-Jul-21
SBIETFIT,EQ,323.2,15-Jul-21,201.2,22-Oct-20
SBIETFPB,EQ,202.95,16-Feb-21,130.6,30-Oct-20
SBIETFQLTY,EQ,149.78,04-Aug-21,90.5,14-Aug-20
SBILIFE,EQ,1175.7,05-Aug-21,755.25,29-Oct-20
SBIN,EQ,467.45,04-Aug-21,175.5,24-Sep-20
SCAPDVR,EQ,2.95,08-Jul-21,0.85,06-Aug-20
SCHAEFFLER,EQ,7166,30-Jul-21,3443.3,19-Oct-20
SCHAND,EQ,148,03-Aug-21,56.3,05-Aug-20
SCHNEIDER,EQ,147.15,29-Jul-21,67.6,04-Nov-20
SCI,EQ,134.65,04-Mar-21,49.8,04-Nov-20
SDBL,EQ,59.6,26-Jul-21,22.45,06-Aug-20
SEAMECLTD,EQ,697,03-Aug-21,342.9,18-May-21
SECURKLOUD,EQ,122.85,01-Feb-21,25.25,07-Sep-20
SELAN,EQ,179.7,24-Jun-21,99,04-Nov-20
SEPOWER,EQ,10.35,23-Jul-21,1.95,15-Oct-20
SEQUENT,EQ,336.5,29-Jun-21,118.95,19-Aug-20
SESHAPAPER,EQ,228.8,15-Jul-21,125.35,02-Nov-20
SETCO,EQ,25.2,06-Jul-21,8.5,05-Aug-20
SETF10GILT,EQ,241.7,07-Dec-20,181.02,21-Oct-20
SETFGOLD,EQ,5135.75,10-Aug-20,3935,31-Mar-21
SETFNIF50,EQ,178,15-Feb-21,112,05-Aug-20
SETFNIFBK,EQ,386.8,26-Feb-21,204,24-Sep-20
SETFNN50,EQ,454.8,22-Jun-21,250.8,30-Sep-20
SETUINFRA,BE,2,08-Jul-21,0.6,20-Nov-20
SEYAIND,EQ,85,22-Jul-21,47.5,19-Apr-21
SFL,EQ,2498.1,14-Jul-21,1222.15,22-Oct-20
SGIL,EQ,200,28-Jul-21,150.55,28-Jul-21
SGL,EQ,16.3,02-Jul-21,6.05,05-Nov-20
SHAKTIPUMP,EQ,910,08-Jun-21,168,13-Aug-20
SHALBY,EQ,211.45,06-Jul-21,71.8,05-Aug-20
SHALPAINTS,EQ,126,31-May-21,57.15,05-Aug-20
SHANKARA,EQ,683.65,02-Aug-21,279.65,12-Nov-20
SHANTIGEAR,EQ,211.35,04-Aug-21,86,12-Aug-20
SHARDACROP,EQ,387,11-Jun-21,230.9,22-Dec-20
SHARDAMOTR,BE,755,02-Jul-21,143.46,05-Aug-20
SHAREINDIA,EQ,575.25,27-Jul-21,92.2,26-Oct-20
SHARIABEES,EQ,483.8,22-Jul-21,271.33,04-Sep-20
SHEMAROO,EQ,180.95,27-May-21,51.4,12-Nov-20
SHIL,BE,399.4,19-Jul-21,69.35,10-Aug-20
SHILPAMED,EQ,695,11-Aug-20,311.6,19-Mar-21
SHIVAMAUTO,EQ,28.85,26-May-21,13.4,05-Aug-20
SHIVAMILLS,EQ,114.3,30-Jul-21,19.95,18-Aug-20
SHIVATEX,EQ,275,29-Jul-21,75.15,02-Nov-20
SHK,EQ,189.8,05-Jul-21,73,05-Aug-20
SHOPERSTOP,EQ,290.6,29-Jul-21,146.24,06-Aug-20
SHRADHA,EQ,76.75,21-Dec-20,35.5,22-Apr-21
SHREDIGCEM,EQ,97.8,29-Jul-21,42.75,09-Sep-20
SHREECEM,EQ,32048,08-Apr-21,18183.55,24-Sep-20
SHREEPUSHK,EQ,208.95,26-May-21,95.2,09-Nov-20
SHREERAMA,EQ,18.7,28-May-21,4.85,05-Aug-20
SHRENIK,EQ,10.45,09-Oct-20,1.55,19-Apr-21
SHREYANIND,EQ,152,28-Jul-21,68.2,10-Nov-20
SHREYAS,EQ,240,27-Jul-21,45.75,19-Oct-20
SHRIPISTON,BE,1113.75,30-Jul-21,495,05-Oct-20
SHRIRAMCIT,EQ,1962.9,24-May-21,655.15,05-Aug-20
SHRIRAMEPC,EQ,7,17-May-21,3.3,05-Aug-20
SHYAMCENT,EQ,20.35,23-Jul-21,3,10-Aug-20
SHYAMMETL,EQ,461.15,20-Jul-21,361.1,30-Jun-21
SICAL,EQ,21.85,15-Dec-20,8.6,26-Mar-21
SIEMENS,EQ,2178,04-Jun-21,1120.8,10-Aug-20
SIGIND,EQ,64.35,27-Jul-21,17,22-Sep-20
SIL,BE,21.45,16-Mar-21,7.85,27-Nov-20
SILGO,EQ,66.7,25-Mar-21,36.5,05-Aug-21
SILINV,BE,355.3,19-Jul-21,132,13-Nov-20
SILLYMONKS,EQ,34.85,05-Aug-20,18,31-Mar-21
SIMBHALS,BE,44.45,14-Jul-21,5.5,19-Nov-20
SIMPLEXINF,EQ,56.5,30-Jun-21,27.05,22-Sep-20
SINTERCOM,EQ,104.8,02-Aug-21,61.2,04-May-21
SINTEX,EQ,5.65,11-Jun-21,1.6,11-Aug-20
SIRCA,EQ,384,28-May-21,215.5,06-Aug-20
SIS,EQ,534.8,27-Jul-21,341,09-Sep-20
SITINET,EQ,2,28-Aug-20,0.4,10-Nov-20
SIYSIL,EQ,456,03-Aug-21,125.5,30-Sep-20
SJVN,EQ,30.8,08-Jun-21,20.65,14-Oct-20
SKFINDIA,EQ,3024,27-Jul-21,1426.55,07-Aug-20
SKIL,EQ,5.6,18-Jun-21,2.05,18-Nov-20
SKIPPER,EQ,98.35,22-Jul-21,36.3,07-Aug-20
SKMEGGPROD,EQ,99.5,23-Jun-21,34,05-Aug-20
SMARTLINK,EQ,134.55,16-Jul-21,63.6,11-Aug-20
SMCGLOBAL,EQ,109,01-Mar-21,65.8,28-May-21
SMLISUZU,EQ,696.85,13-Jul-21,365,02-Nov-20
SMSLIFE,EQ,885.65,22-Jun-21,408.35,14-Aug-20
SMSPHARMA,EQ,198.8,05-Aug-21,79,09-Sep-20
SNOWMAN,EQ,71.25,30-Dec-20,28.95,06-Aug-20
SOBHA,EQ,688.35,16-Jul-21,200.25,16-Oct-20
SOLARA,EQ,1859.95,19-May-21,851.7,05-Aug-20
SOLARINDS,EQ,1798.5,04-Aug-21,940,05-Aug-20
SOMANYCERA,BE,745,04-Aug-21,128,06-Aug-20
SOMATEX,EQ,10.25,12-Mar-21,2.5,02-Dec-20
SOMICONVEY,EQ,65.5,12-Jul-21,15.6,11-Aug-20
SONACOMS,EQ,456.9,20-Jul-21,295,24-Jun-21
SONATSOFTW,EQ,884.4,05-Aug-21,268.25,05-Aug-20
SORILINFRA,EQ,227.75,24-Feb-21,48,06-Aug-20
SOTL,EQ,1750,03-Aug-21,638.95,05-Aug-20
SOUTHBANK,EQ,13.95,22-Jun-21,6.25,19-Oct-20
SOUTHWEST,EQ,91.5,05-Aug-21,20.25,06-Aug-20
SPAL,EQ,361.8,03-Aug-21,69,06-Aug-20
SPANDANA,EQ,830,14-Jan-21,479.8,19-Apr-21
SPARC,EQ,294.45,05-Aug-21,141,31-Mar-21
SPECIALITY,EQ,79.75,27-Jul-21,29.55,05-Aug-20
SPENCERS,EQ,113.7,30-Jul-21,65.7,19-Apr-21
SPENTEX,BZ,1.85,05-Aug-21,0.5,24-Nov-20
SPIC,EQ,68.45,16-Jul-21,16.8,22-Sep-20
SPICEJET,EQ,108,11-Dec-20,45.55,06-Aug-20
SPLIL,EQ,65,05-Aug-21,25.3,25-Sep-20
SPMLINFRA,EQ,17.55,13-Jan-21,7.3,17-Nov-20
SPTL,EQ,7.3,23-Jun-21,1.8,09-Oct-20
SREEL,EQ,238,11-Jun-21,124.65,23-Sep-20
SREINFRA,BE,18.35,23-Jun-21,5,31-Mar-21
SRF,EQ,9134.95,04-Aug-21,3790.85,06-Aug-20
SRHHYPOLTD,EQ,368,30-Jun-21,155.5,01-Sep-20
SRIPIPES,EQ,248.5,04-Aug-21,109.3,06-Oct-20
SRPL,BE,45.25,02-Feb-21,25.75,30-Mar-21
SRTRANSFIN,EQ,1534.95,15-Feb-21,555.55,24-Sep-20
SSWL,EQ,1728.9,04-Aug-21,412.85,05-Aug-20
STAR,EQ,999,08-Jan-21,463,05-Aug-20
STARCEMENT,EQ,119.25,22-Jul-21,75.35,21-Dec-20
STARPAPER,EQ,181.7,07-Jul-21,80.8,05-Nov-20
STCINDIA,EQ,138.8,08-Jun-21,48.1,06-Aug-20
STEELCITY,EQ,98.7,20-Jul-21,26.05,10-Aug-20
STEELXIND,EQ,82.4,05-Aug-21,28.25,05-Aug-20
STEL,EQ,121.5,28-Jun-21,45.25,16-Oct-20
STERTOOLS,EQ,254.05,02-Aug-21,159.95,22-Sep-20
STLTECH,EQ,318,03-Aug-21,118.35,06-Aug-20
STOVEKRAFT,EQ,850,03-Aug-21,406.1,19-Mar-21
STYLAMIND,EQ,1419.9,05-Aug-21,1216,02-Aug-21
SUBCAPCITY,BE,44.95,09-Sep-20,14.1,07-Aug-20
SUBEXLTD,EQ,74.4,08-Jul-21,15.35,13-Nov-20
SUBROS,EQ,364.9,04-Aug-21,180,05-Aug-20
SUDARSCHEM,EQ,794,02-Jul-21,407.1,17-Aug-20
SUMEETINDS,BE,12.8,19-Jul-21,1.6,10-Aug-20
SUMICHEM,EQ,459.9,05-Aug-21,258,09-Sep-20
SUMIT,BE,22,20-Jul-21,7.45,02-Dec-20
SUMMITSEC,EQ,861.9,03-Aug-21,357.05,05-Aug-20
SUNCLAYLTD,EQ,4250,16-Jul-21,1540,06-Aug-20
SUNDARAM,BE,2.7,24-Jun-21,1.05,14-Oct-20
SUNDARMFIN,EQ,2868,04-Mar-21,1270.05,24-Sep-20
SUNDARMHLD,EQ,94,03-Aug-21,41.79,17-Aug-20
SUNDRMBRAK,EQ,481.4,30-Jul-21,208.9,05-Nov-20
SUNDRMFAST,EQ,867.7,09-Jun-21,391.5,24-Sep-20
SUNFLAG,EQ,96.65,29-Jul-21,39.1,22-Sep-20
SUNPHARMA,EQ,804.35,03-Aug-21,452.25,29-Oct-20
SUNTECK,EQ,414.95,03-Aug-21,190.25,05-Aug-20
SUNTV,EQ,586.55,02-Aug-21,388.3,05-Aug-20
SUPERHOUSE,EQ,182,23-Jun-21,78,24-Sep-20
SUPERSPIN,BE,14.45,26-Jul-21,3.2,16-Oct-20
SUPPETRO,BE,815,26-May-21,178.1,05-Aug-20
SUPRAJIT,EQ,358,29-Jul-21,154,05-Aug-20
SUPREMEENG,EQ,42.9,04-Jun-21,20.9,06-May-21
SUPREMEIND,EQ,2339.95,19-May-21,1191.3,17-Aug-20
SURANASOL,EQ,15.25,23-Jul-21,6.25,05-Aug-20
SURANAT&P,EQ,8.3,07-Jul-21,3.35,14-Aug-20
SURYALAXMI,BE,76.2,22-Jul-21,15.5,16-Oct-20
SURYAROSNI,EQ,610.25,04-Aug-21,123.6,05-Aug-20
SURYODAY,EQ,296.35,26-Mar-21,189,05-Aug-21
SUTLEJTEX,EQ,81.2,19-Jul-21,17.95,05-Aug-20
SUULD,EQ,736.85,06-Jul-21,62.25,19-Oct-20
SUVEN,EQ,116,23-Apr-21,39.5,05-Aug-20
SUVENPHAR,EQ,574.5,03-Aug-21,291.6,30-Oct-20
SUVIDHAA,EQ,115.5,31-Mar-21,19.75,19-May-21
SUZLON,EQ,9.45,06-Jul-21,2.7,16-Oct-20
SVPGLOB,EQ,121,04-Aug-21,101.2,15-Jul-21
SWANENERGY,EQ,175.85,29-Jul-21,108,21-Sep-20
SWARAJENG,EQ,2000,28-Jun-21,1268,11-Feb-21
SWELECTES,EQ,279.35,15-Jul-21,97.65,13-Aug-20
SWSOLAR,EQ,343.8,09-Apr-21,183.5,24-Feb-21
SYMPHONY,EQ,1528.8,03-Mar-21,820,02-Dec-20
SYNGENE,EQ,700,16-Jul-21,443,09-Sep-20
TAINWALCHM,BE,125.25,26-Jul-21,42.7,05-Oct-20
TAJGVK,EQ,158.3,27-Aug-20,102,20-Apr-21
TAKE,EQ,74.6,09-Jun-21,39.55,20-Nov-20
TALBROAUTO,EQ,357.5,03-Aug-21,99,05-Aug-20
TANLA,BE,1030,03-Mar-21,129.8,05-Aug-20
TANTIACONS,BZ,10.5,20-May-21,1.05,23-Nov-20
TARAPUR,EQ,6.8,31-May-21,2.75,01-Mar-21
TARC,BE,50.7,15-Jul-21,19.05,28-Dec-20
TARMAT,EQ,98.2,22-Jul-21,32.55,06-Aug-20
TASTYBITE,EQ,21487,08-Jul-21,9801,24-Sep-20
TATACHEM,EQ,833.95,08-Apr-21,273.45,22-Sep-20
TATACOFFEE,EQ,246.7,28-Jul-21,96.05,06-Aug-20
TATACOMM,EQ,1522,03-Aug-21,755,13-Aug-20
TATACONSUM,EQ,788.15,27-Jul-21,440.3,05-Aug-20
TATAELXSI,EQ,4575,15-Jul-21,941.8,05-Aug-20
TATAINVEST,EQ,1194.6,09-Jun-21,729.35,05-Aug-20
TATAMETALI,EQ,1373.7,04-May-21,480,24-Sep-20
TATAMOTORS,EQ,360.75,15-Jun-21,112,05-Aug-20
TATAMTRDVR,EQ,169.75,15-Jun-21,39.15,05-Aug-20
TATAPOWER,EQ,135.5,03-Aug-21,48.5,06-Aug-20
TATASTEEL,EQ,1481.8,29-Jul-21,342.75,24-Sep-20
TATASTLBSL,BE,109.7,11-May-21,19.85,25-Sep-20
TATASTLLP,BE,1173,16-Jul-21,256.15,05-Aug-20
TATVA,EQ,2534.2,29-Jul-21,2111.85,29-Jul-21
TBZ,EQ,96.25,07-Jan-21,32.4,24-Sep-20
TCI,EQ,509.95,01-Jun-21,169.85,06-Aug-20
TCIDEVELOP,EQ,549,02-Jun-21,260,17-Aug-20
TCIEXP,EQ,1747,20-Jul-21,691.6,06-Aug-20
TCNSBRANDS,EQ,652.4,18-Jun-21,327.95,05-Aug-20
TCPLPACK,EQ,604,27-Jul-21,286,06-Aug-20
TCS,EQ,3399.65,25-Jun-21,2216.45,26-Aug-20
TDPOWERSYS,EQ,234,19-May-21,98.2,07-Aug-20
TEAMLEASE,EQ,4505.65,30-Jul-21,1882,05-Aug-20
TECHIN,EQ,6.75,31-May-21,2.25,13-Nov-20
TECHM,EQ,1254,05-Aug-21,642.55,05-Aug-20
TECHNOE,EQ,362.8,30-Jul-21,173,07-Aug-20
TEJASNET,BE,311.7,05-Aug-21,56.3,03-Sep-20
TEMBO,EQ,230,15-Jun-21,116.5,23-Apr-21
TERASOFT,BE,85,20-Jul-21,23.85,05-Aug-20
TEXINFRA,EQ,79.9,09-Feb-21,31.15,24-Sep-20
TEXMOPIPES,EQ,65.8,27-May-21,11.2,07-Aug-20
TEXRAIL,EQ,41.9,08-Jul-21,22.95,10-Nov-20
TFCILTD,EQ,83.35,12-Jul-21,32.9,16-Oct-20
TFL,EQ,7,19-Jul-21,2.2,26-Apr-21
TGBHOTELS,EQ,10,07-Jul-21,3.9,05-Aug-20
THANGAMAYL,EQ,1017.4,03-Aug-21,316.9,20-Aug-20
THEINVEST,EQ,174.35,07-Dec-20,83,23-Apr-21
THEMISMED,EQ,975,26-Jul-21,275.25,09-Sep-20
THERMAX,EQ,1577.55,07-May-21,703.95,05-Oct-20
THOMASCOOK,EQ,71.5,10-Jun-21,25.8,03-Nov-20
THOMASCOTT,BE,20.5,26-Jul-21,4.05,09-Nov-20
THYROCARE,EQ,1465,25-Jun-21,669.8,05-Aug-20
TI,BE,49.2,08-Jul-21,15.25,09-Sep-20
TIDEWATER,BE,3688.74,13-Jul-21,825,24-Sep-20
TIIL,EQ,745,03-Aug-21,215.25,10-Aug-20
TIINDIA,EQ,1450,14-Jun-21,499.85,05-Aug-20
TIJARIA,BE,10.55,24-Jun-21,4.95,19-Oct-20
TIL,EQ,243.5,12-May-21,125.25,09-Nov-20
TIMESGTY,EQ,63.3,18-Jun-21,20.1,15-Oct-20
TIMETECHNO,EQ,94.5,30-Jun-21,35.25,24-Sep-20
TIMKEN,EQ,1667,07-Jul-21,927.5,17-Aug-20
TINPLATE,EQ,274.7,30-Jul-21,118,24-Sep-20
TIPSINDLTD,BE,1508,01-Jul-21,143.1,05-Aug-20
TIRUMALCHM,EQ,210,04-Aug-21,55.25,17-Aug-20
TIRUPATIFL,BE,89.55,05-Aug-21,20.25,01-Feb-21
TITAN,EQ,1858.65,04-Aug-21,1048.55,12-Aug-20
TMRVL,EQ,25.6,17-Jun-21,8.05,20-Nov-20
TNPETRO,EQ,146.9,04-Aug-21,33.4,24-Sep-20
TNPL,EQ,182.9,23-Jun-21,98,24-Sep-20
TNTELE,BE,21.05,05-Aug-21,1.45,07-Dec-20
TOKYOPLAST,EQ,120.9,05-Aug-21,55.7,11-Sep-20
TORNTPHARM,EQ,3144,27-Jul-21,2311.1,19-Mar-21
TORNTPOWER,EQ,508.7,09-Jun-21,293,22-Dec-20
TOTAL,EQ,84.05,08-Jan-21,25.9,01-Sep-20
TOUCHWOOD,EQ,135.05,16-Mar-21,38.2,29-Oct-20
TPLPLASTEH,EQ,379.95,03-Aug-21,100.15,11-Nov-20
TREEHOUSE,BE,13.75,07-Jul-21,5.55,03-Dec-20
TREJHARA,EQ,72.7,22-Jul-21,8.35,14-Aug-20
TRENT,EQ,969,02-Aug-21,544.15,05-Aug-20
TRF,BE,170,30-Jun-21,70.75,04-Nov-20
TRIDENT,EQ,22.65,05-Aug-21,6.25,24-Sep-20
TRIGYN,EQ,173,23-Jul-21,31.45,05-Aug-20
TRIL,EQ,37.6,12-Jul-21,8.5,24-Sep-20
TRITURBINE,EQ,136.35,16-Jul-21,62.6,05-Aug-20
TRIVENI,EQ,209.4,06-Jul-21,57.5,05-Aug-20
TTKHLTCARE,EQ,825,20-Jul-21,417,28-Oct-20
TTKPRESTIG,EQ,9589.15,05-Jul-21,5020,11-Aug-20
TTL,EQ,74.8,23-Jul-21,29.75,05-Aug-20
TTML,BE,54.1,06-Jul-21,2.7,15-Oct-20
TV18BRDCST,EQ,48.95,10-Jun-21,26.25,12-Apr-21
TVSELECT,EQ,217,08-Jul-21,84.15,25-Sep-20
TVSMOTOR,EQ,666,27-May-21,400.15,05-Aug-20
TVSSRICHAK,EQ,2394,12-Jul-21,1327.1,24-Sep-20
TVTODAY,EQ,379,25-May-21,182.3,24-Sep-20
TVVISION,EQ,3.15,14-May-21,1.15,27-Nov-20
TWL,EQ,96.8,03-Aug-21,38,24-Sep-20
UBL,EQ,1538,03-Aug-21,897,29-Oct-20
UCALFUEL,EQ,206.5,29-Jun-21,106.85,06-Aug-20
UCOBANK,EQ,16.35,19-Feb-21,10.75,22-Apr-21
UFLEX,EQ,593.9,01-Jul-21,295,05-Aug-20
UFO,EQ,114.4,02-Aug-21,67.6,05-Aug-20
UGARSUGAR,EQ,40.05,13-Jul-21,13.1,03-Nov-20
UJAAS,EQ,5.25,13-Aug-20,2.3,20-Apr-21
UJJIVAN,EQ,310.95,08-Jan-21,183.3,22-Apr-21
UJJIVANSFB,EQ,44.6,07-Jan-21,26.5,22-Apr-21
ULTRACEMCO,EQ,7911,04-Aug-21,3753.9,24-Sep-20
UMANGDAIRY,EQ,100,04-Aug-21,40,05-Aug-20
UMESLTD,EQ,7.95,05-Feb-21,1.05,07-Oct-20
UNICHEMLAB,EQ,375,21-May-21,218.55,21-Dec-20
UNIDT,EQ,410.3,10-Jun-21,234.25,09-Oct-20
UNIENTER,EQ,148,16-Jun-21,57.3,23-Nov-20
UNIONBANK,EQ,45.25,18-Feb-21,23.1,16-Oct-20
UNITECH,BZ,3.65,24-Jun-21,1.3,26-Apr-21
UNITEDTEA,EQ,499.9,28-Jul-21,280.4,22-Apr-21
UNIVASTU,EQ,62.5,06-Jul-21,26.5,08-Sep-20
UNIVCABLES,EQ,217.7,31-May-21,110.25,06-Aug-20
UNIVPHOTO,EQ,354.4,23-Jun-21,153.05,11-Nov-20
UPL,EQ,864.7,08-Jun-21,399,04-Nov-20
URJA,EQ,9.35,04-Feb-21,2.5,24-Sep-20
USHAMART,EQ,71.9,28-Jul-21,18.3,06-Aug-20
UTIAMC,EQ,1078.95,03-Aug-21,471.1,12-Oct-20
UTIBANKETF,EQ,44.7,17-Feb-21,20.25,25-Sep-20
UTINEXT50,EQ,43.53,01-Mar-21,26.29,28-Sep-20
UTINIFTETF,EQ,1726.5,05-Jul-21,1150,24-Sep-20
UTISENSETF,EQ,597.3,14-Jul-21,391.02,10-Aug-20
UTISXN50,EQ,49.82,19-Feb-21,28.47,06-Aug-20
UTTAMSTL,BE,10.85,11-Jan-21,3.7,09-Jul-21
UTTAMSUGAR,BE,308.35,30-Jun-21,71.55,06-Aug-20
V2RETAIL,EQ,154.7,05-Mar-21,43,10-Aug-20
VADILALIND,EQ,1267,03-Aug-21,583,21-Aug-20
VAIBHAVGBL,EQ,1050,10-May-21,322.01,05-Aug-20
VAISHALI,EQ,77.05,01-Jan-21,28.35,18-Nov-20
VAKRANGEE,EQ,69.85,31-Dec-20,24.5,24-Sep-20
VALIANTORG,EQ,1991,24-Dec-20,1121,31-Mar-21
VARDHACRLC,EQ,84.2,04-Aug-21,28,17-Aug-20
VARDMNPOLY,BE,36.55,28-Jul-21,6.65,05-Aug-20
VARROC,EQ,477.65,08-Feb-21,196.2,17-Aug-20
VASCONEQ,EQ,26.15,13-Jul-21,7.85,09-Sep-20
VASWANI,EQ,15.8,12-May-21,3.9,27-Oct-20
VBL,EQ,918.4,10-Jun-21,430.9,30-Oct-20
VEDL,EQ,319.55,02-Aug-21,91.2,04-Nov-20
VENKEYS,EQ,3955,23-Jun-21,1045,05-Aug-20
VENUSREM,EQ,529,05-Aug-21,85,05-Aug-20
VERTOZ,EQ,322,08-Mar-21,116,14-Aug-20
VESUVIUS,EQ,1364,30-Jul-21,849.05,07-Oct-20
VETO,EQ,172,13-Jul-21,40.3,21-Oct-20
VGUARD,EQ,285,31-May-21,159.35,19-Aug-20
VHL,EQ,3820.55,13-Jul-21,1205.15,22-Oct-20
VICEROY,BZ,5.05,18-Jun-21,1.85,27-Apr-21
VIDHIING,EQ,384.7,03-Aug-21,79.5,05-Aug-20
VIJIFIN,BE,1.95,04-Aug-21,0.45,03-Dec-20
VIKASECO,EQ,8.2,20-Aug-20,1.15,22-Apr-21
VIKASLIFE,BE,18.61,31-Aug-20,2.35,23-Apr-21
VIKASPROP,EQ,3.85,19-Aug-20,2,12-Nov-20
VIKASWSP,EQ,8.05,17-Jun-21,3.65,11-Nov-20
VIMTALABS,EQ,346.5,22-Jul-21,101,01-Sep-20
VINATIORGA,EQ,2132,07-Jul-21,966,12-Aug-20
VINDHYATEL,EQ,1499,06-Jul-21,643.55,05-Aug-20
VINEETLAB,EQ,124,12-Jul-21,44,15-Jun-21
VINYLINDIA,EQ,167.5,14-Jul-21,77.6,12-Aug-20
VIPCLOTHNG,BE,27.6,28-Jul-21,6.05,10-Aug-20
VIPIND,EQ,437.7,07-Jul-21,258.3,12-Aug-20
VIPULLTD,EQ,41.95,26-Jul-21,12.55,19-Oct-20
VISAKAIND,EQ,873.25,02-Aug-21,282.1,22-Sep-20
VISASTEEL,EQ,14.7,04-Aug-21,4.9,07-Aug-20
VISHAL,EQ,248.13,21-Oct-20,40.7,28-Jan-21
VISHNU,EQ,707.4,23-Jul-21,138,15-Oct-20
VISHWARAJ,EQ,169.7,17-Mar-21,81,05-Aug-20
VIVIDHA,EQ,2,22-Jan-21,0.3,18-Nov-20
VIVIMEDLAB,EQ,41.5,28-Apr-21,12,05-Aug-20
VLSFINANCE,EQ,264.9,27-Jul-21,50.4,05-Aug-20
VMART,EQ,4085,30-Jul-21,1710,11-Aug-20
VOLTAMP,EQ,1687.3,03-Aug-21,960,24-Sep-20
VOLTAS,EQ,1132,12-Feb-21,585.6,10-Aug-20
VRLLOG,EQ,324,15-Jul-21,147.75,07-Aug-20
VSSL,EQ,289,05-Aug-21,55.05,05-Aug-20
VSTIND,EQ,4538.2,16-Dec-20,3140,07-May-21
VSTTILLERS,EQ,2300,03-Jun-21,1351,05-Aug-20
VTL,EQ,2039.7,04-Aug-21,671,05-Aug-20
WABAG,EQ,404,03-Aug-21,119,06-Aug-20
WABCOINDIA,EQ,7871.95,16-Jun-21,4750.05,14-Nov-20
WALCHANNAG,EQ,92,16-Jun-21,43.75,24-Sep-20
WANBURY,BE,114,29-Apr-21,31.5,25-Sep-20
WATERBASE,EQ,145.9,14-Dec-20,92.3,12-Aug-20
WEALTH,BE,228.3,05-Aug-21,96.7,21-Jan-21
WEBELSOLAR,EQ,78.4,07-Jul-21,17,13-Aug-20
WEIZMANIND,EQ,70.25,14-Jul-21,26.7,06-Aug-20
WELCORP,EQ,165.9,09-Jun-21,94.85,05-Aug-20
WELENT,EQ,135,08-Mar-21,56.35,05-Aug-20
WELINV,EQ,584,29-Jun-21,215,06-Aug-20
WELSPUNIND,EQ,145.4,29-Jul-21,42.5,07-Aug-20
WENDT,EQ,5140,23-Jul-21,2420,07-Aug-20
WESTLIFE,EQ,577,29-Jul-21,330,10-Sep-20
WHEELS,EQ,1037,27-Jul-21,373.85,19-Oct-20
WHIRLPOOL,EQ,2787,22-Jan-21,1980.1,17-Aug-20
WILLAMAGOR,EQ,28.6,15-Jan-21,14.25,14-Oct-20
WINDMACHIN,EQ,45,11-Jun-21,11.5,07-Aug-20
WIPL,BE,73.5,09-Jun-21,44.65,26-Oct-20
WIPRO,EQ,614.5,05-Aug-21,268,31-Aug-20
WOCKPHARMA,EQ,804.9,26-May-21,266,24-Sep-20
WONDERLA,EQ,270,06-Jul-21,133.25,06-Aug-20
WORTH,EQ,119.45,13-Jul-21,37.85,01-Sep-20
WSI,BE,8.25,17-Jun-21,1.2,10-Aug-20
WSTCSTPAPR,EQ,288.7,07-Jul-21,154.5,05-Nov-20
XCHANGING,EQ,141,22-Jul-21,48.15,05-Aug-20
XELPMOC,BE,513,13-Jul-21,108.05,06-Aug-20
XPROINDIA,EQ,333,02-Aug-21,18.75,19-Oct-20
YAARII,BE,183.45,25-Feb-21,37.8,25-Sep-20
YESBANK,EQ,20.75,11-Dec-20,12.15,29-Oct-20
ZEEL,EQ,261,04-Feb-21,141.7,05-Aug-20
ZEELEARN,EQ,20.15,16-Jun-21,9.75,12-Apr-21
ZEEMEDIA,EQ,14.4,06-Jul-21,4.25,20-Oct-20
ZENITHEXPO,EQ,116.3,24-May-21,34.2,05-Aug-20
ZENSARTECH,EQ,428.4,29-Jul-21,160.5,09-Sep-20
ZENTEC,EQ,106.9,05-Jul-21,62.5,09-Sep-20
ZODIACLOTH,EQ,154.05,14-Jul-21,86,22-Apr-21
ZODJRDMKJ,EQ,42.4,28-May-21,22.15,04-Nov-20
ZOMATO,EQ,147.8,27-Jul-21,115,23-Jul-21
ZOTA,EQ,395.5,04-Aug-21,135.9,09-Nov-20
ZUARI,BE,158.9,14-Jul-21,75.55,25-Sep-20
ZUARIGLOB,BE,177.75,15-Jul-21,43.3,24-Sep-20
ZYDUSWELL,EQ,2301,04-Aug-21,1585.55,31-Aug-20
